ticket_id,user_id,created_at,resolved_at,priority,category,satisfaction_rating
1,1755,2026-06-29 00:00:00,,Low,Feature Request,
2,1755,2026-02-17 00:00:00,2026-02-20 04:00:00,Low,Integration Issue,2
3,1755,2026-03-02 00:00:00,2026-03-03 04:00:00,High,Integration Issue,3
4,312,2026-04-29 00:00:00,2026-05-01 23:00:00,Medium,Feature Request,4
5,312,2026-06-14 00:00:00,,Medium,Integration Issue,
6,917,2024-12-21 00:00:00,,High,Onboarding Help,
7,917,2026-06-15 00:00:00,2026-06-16 18:00:00,High,Account Access,5
8,917,2024-06-28 00:00:00,2024-07-04 12:00:00,High,Billing,5
9,1509,2026-02-18 00:00:00,2026-02-26 03:00:00,Low,Billing,5
10,1509,2026-04-03 00:00:00,2026-04-12 20:00:00,High,Billing,5
11,1509,2026-02-11 00:00:00,,Medium,Billing,
12,823,2026-06-20 00:00:00,2026-06-26 11:00:00,Medium,Feature Request,5
13,140,2025-10-16 00:00:00,2025-10-19 10:00:00,Medium,Integration Issue,3
14,140,2025-04-07 00:00:00,2025-04-08 14:00:00,High,Integration Issue,3
15,140,2026-02-06 00:00:00,2026-02-06 03:00:00,Medium,Billing,2
16,1949,2025-10-02 00:00:00,2025-10-07 11:00:00,Low,Billing,4
17,1949,2026-02-13 00:00:00,2026-02-15 01:00:00,Medium,Feature Request,4
18,1949,2025-12-27 00:00:00,2026-01-03 19:00:00,Low,Integration Issue,5
19,330,2026-01-20 00:00:00,2026-01-22 10:00:00,High,Bug Report,1
20,330,2025-08-28 00:00:00,,High,Billing,
21,330,2026-04-16 00:00:00,2026-04-18 11:00:00,High,Bug Report,3
22,248,2026-02-02 00:00:00,2026-02-11 23:00:00,Low,Billing,5
23,248,2025-08-16 00:00:00,2025-08-24 16:00:00,High,Billing,4
24,248,2026-01-28 00:00:00,2026-01-29 11:00:00,Low,Onboarding Help,2
25,1759,2026-06-25 00:00:00,,Low,Onboarding Help,
26,690,2026-03-15 00:00:00,2026-03-24 19:00:00,Medium,Bug Report,4
27,690,2026-03-10 00:00:00,,High,Account Access,
28,690,2026-02-27 00:00:00,2026-03-04 03:00:00,Low,Onboarding Help,4
29,690,2025-10-11 00:00:00,,Low,Account Access,
30,700,2024-10-23 00:00:00,2024-10-24 02:00:00,Low,Feature Request,2
31,5,2025-12-04 00:00:00,,Low,Account Access,
32,5,2026-06-10 00:00:00,2026-06-10 14:00:00,Low,Bug Report,4
33,5,2026-06-16 00:00:00,2026-06-19 12:00:00,Medium,Bug Report,4
34,5,2025-10-18 00:00:00,2025-10-25 08:00:00,Low,Account Access,3
35,1717,2026-05-22 00:00:00,2026-05-26 14:00:00,Medium,Integration Issue,5
36,1253,2026-04-25 00:00:00,2026-04-25 02:00:00,High,Account Access,2
37,1022,2025-11-14 00:00:00,2025-11-20 11:00:00,Low,Bug Report,3
38,1022,2026-03-20 00:00:00,2026-03-26 13:00:00,Medium,Billing,3
39,792,2025-12-22 00:00:00,2025-12-23 14:00:00,Low,Onboarding Help,1
40,1292,2025-12-14 00:00:00,2025-12-21 15:00:00,Medium,Billing,4
41,1292,2025-12-18 00:00:00,2025-12-28 00:00:00,Low,Account Access,3
42,1021,2026-06-25 00:00:00,2026-06-28 08:00:00,Urgent,Account Access,5
43,1021,2026-04-19 00:00:00,2026-04-22 15:00:00,Medium,Billing,4
44,1021,2026-02-20 00:00:00,2026-02-27 07:00:00,Low,Integration Issue,4
45,1021,2026-03-31 00:00:00,2026-04-06 23:00:00,Urgent,Account Access,5
46,1976,2025-12-01 00:00:00,,Urgent,Account Access,
47,1917,2026-05-02 00:00:00,2026-05-10 16:00:00,High,Integration Issue,4
48,1917,2025-12-14 00:00:00,2025-12-23 11:00:00,Urgent,Bug Report,4
49,845,2025-11-20 00:00:00,2025-11-21 00:00:00,Medium,Onboarding Help,5
50,845,2025-10-03 00:00:00,2025-10-06 10:00:00,Urgent,Onboarding Help,4
51,835,2026-04-08 00:00:00,2026-04-12 03:00:00,Low,Billing,4
52,1951,2026-02-06 00:00:00,2026-02-15 16:00:00,Medium,Integration Issue,3
53,1951,2026-04-22 00:00:00,2026-04-22 06:00:00,Low,Account Access,5
54,747,2024-12-15 00:00:00,2024-12-23 23:00:00,Low,Account Access,5
55,2068,2025-08-11 00:00:00,2025-08-17 13:00:00,High,Integration Issue,4
56,2068,2025-03-29 00:00:00,2025-03-30 19:00:00,High,Feature Request,4
57,2194,2026-03-08 00:00:00,2026-03-18 00:00:00,Urgent,Billing,1
58,1824,2024-09-30 00:00:00,2024-10-06 05:00:00,Low,Billing,4
59,1824,2025-08-27 00:00:00,2025-09-02 00:00:00,High,Integration Issue,3
60,1824,2026-05-28 00:00:00,2026-06-04 05:00:00,Low,Account Access,4
61,1076,2025-02-28 00:00:00,,Low,Billing,
62,1975,2024-12-11 00:00:00,2024-12-17 20:00:00,Low,Account Access,4
63,1088,2026-06-16 00:00:00,2026-06-24 15:00:00,High,Bug Report,4
64,1088,2025-11-13 00:00:00,2025-11-13 01:00:00,Medium,Account Access,5
65,1088,2025-12-09 00:00:00,2025-12-16 17:00:00,Medium,Account Access,5
66,2011,2026-06-05 00:00:00,,Medium,Billing,
67,2011,2026-06-12 00:00:00,2026-06-13 00:00:00,Low,Billing,4
68,1806,2024-12-16 00:00:00,2024-12-23 10:00:00,High,Feature Request,4
69,2018,2026-04-30 00:00:00,2026-05-06 18:00:00,Medium,Feature Request,5
70,2018,2026-06-30 00:00:00,,High,Feature Request,
71,2018,2026-06-30 00:00:00,,Medium,Account Access,
72,1791,2026-02-11 00:00:00,2026-02-20 23:00:00,Medium,Billing,2
73,1791,2026-06-02 00:00:00,2026-06-11 23:00:00,Low,Onboarding Help,3
74,1808,2026-05-11 00:00:00,2026-05-17 18:00:00,Low,Onboarding Help,2
75,1808,2026-04-11 00:00:00,2026-04-14 19:00:00,High,Onboarding Help,2
76,1808,2024-01-30 00:00:00,2024-02-06 14:00:00,Medium,Bug Report,5
77,1663,2026-04-23 00:00:00,,High,Feature Request,
78,1663,2026-04-12 00:00:00,2026-04-16 14:00:00,Low,Billing,4
79,1663,2026-06-20 00:00:00,2026-06-24 12:00:00,High,Onboarding Help,3
80,1663,2026-04-29 00:00:00,2026-04-29 16:00:00,Low,Feature Request,4
81,519,2025-12-14 00:00:00,2025-12-17 13:00:00,Low,Onboarding Help,4
82,519,2024-12-14 00:00:00,,High,Feature Request,
83,1579,2024-08-23 00:00:00,2024-08-28 22:00:00,Medium,Onboarding Help,4
84,662,2026-01-30 00:00:00,,Medium,Billing,
85,662,2026-03-01 00:00:00,2026-03-06 18:00:00,Medium,Billing,3
86,947,2025-06-08 00:00:00,2025-06-12 16:00:00,Medium,Bug Report,4
87,621,2025-11-02 00:00:00,2025-11-07 14:00:00,Medium,Billing,1
88,621,2025-03-04 00:00:00,2025-03-08 14:00:00,Low,Bug Report,5
89,1701,2026-05-09 00:00:00,2026-05-10 07:00:00,Medium,Billing,4
90,1701,2024-06-19 00:00:00,2024-06-25 16:00:00,High,Bug Report,4
91,1701,2024-08-25 00:00:00,,Low,Integration Issue,
92,1442,2025-06-02 00:00:00,2025-06-04 17:00:00,Low,Integration Issue,5
93,1442,2026-01-21 00:00:00,,Urgent,Billing,
94,2061,2026-03-17 00:00:00,,Low,Billing,
95,2061,2026-05-12 00:00:00,2026-05-20 05:00:00,Low,Account Access,5
96,645,2026-02-12 00:00:00,2026-02-12 22:00:00,Low,Account Access,5
97,2176,2026-04-23 00:00:00,2026-04-27 22:00:00,High,Integration Issue,4
98,2176,2026-06-28 00:00:00,,Medium,Integration Issue,
99,245,2025-09-13 00:00:00,2025-09-21 01:00:00,Low,Billing,3
100,552,2026-06-11 00:00:00,2026-06-11 09:00:00,Medium,Feature Request,5
101,169,2024-12-13 00:00:00,2024-12-19 07:00:00,High,Integration Issue,4
102,169,2025-06-10 00:00:00,2025-06-17 11:00:00,High,Billing,4
103,169,2025-12-31 00:00:00,2026-01-04 04:00:00,Low,Feature Request,3
104,1473,2024-02-23 00:00:00,2024-03-04 00:00:00,Medium,Billing,4
105,1347,2026-03-30 00:00:00,2026-04-08 03:00:00,Medium,Bug Report,5
106,1347,2025-07-28 00:00:00,2025-08-02 12:00:00,High,Integration Issue,4
107,1737,2026-06-26 00:00:00,2026-06-27 03:00:00,Low,Feature Request,3
108,1588,2026-05-05 00:00:00,2026-05-14 08:00:00,Low,Billing,5
109,1588,2026-06-20 00:00:00,2026-06-22 06:00:00,Low,Account Access,5
110,121,2025-11-14 00:00:00,2025-11-15 01:00:00,Medium,Integration Issue,2
111,385,2026-03-27 00:00:00,2026-04-05 18:00:00,High,Bug Report,4
112,296,2026-06-02 00:00:00,2026-06-09 17:00:00,Medium,Onboarding Help,5
113,296,2026-05-22 00:00:00,2026-05-27 20:00:00,Medium,Feature Request,5
114,721,2026-03-10 00:00:00,2026-03-15 13:00:00,Low,Billing,2
115,721,2026-06-24 00:00:00,,High,Onboarding Help,
116,544,2025-07-02 00:00:00,2025-07-03 14:00:00,High,Onboarding Help,4
117,2139,2025-12-20 00:00:00,,High,Integration Issue,
118,1680,2025-08-28 00:00:00,2025-09-02 18:00:00,Low,Bug Report,4
119,1979,2026-04-26 00:00:00,2026-04-28 07:00:00,Urgent,Bug Report,4
120,257,2026-06-22 00:00:00,2026-06-28 10:00:00,Medium,Feature Request,4
121,257,2026-03-05 00:00:00,2026-03-14 14:00:00,High,Feature Request,5
122,926,2025-12-30 00:00:00,,Urgent,Onboarding Help,
123,926,2025-07-03 00:00:00,2025-07-09 17:00:00,Medium,Bug Report,5
124,1151,2025-06-13 00:00:00,2025-06-17 06:00:00,Low,Bug Report,3
125,1151,2025-08-26 00:00:00,2025-08-26 23:00:00,Medium,Onboarding Help,5
126,1151,2025-10-21 00:00:00,2025-10-29 11:00:00,Medium,Onboarding Help,1
127,1447,2026-05-29 00:00:00,2026-06-01 22:00:00,Low,Bug Report,3
128,1199,2024-12-26 00:00:00,,Low,Bug Report,
129,1199,2025-02-07 00:00:00,2025-02-07 08:00:00,Medium,Feature Request,1
130,1199,2025-09-11 00:00:00,2025-09-19 08:00:00,High,Billing,3
131,762,2025-09-23 00:00:00,2025-09-27 05:00:00,Low,Account Access,4
132,762,2025-10-06 00:00:00,2025-10-10 03:00:00,Urgent,Feature Request,3
133,2030,2025-05-29 00:00:00,2025-05-30 02:00:00,Low,Onboarding Help,5
134,1448,2025-04-15 00:00:00,2025-04-17 14:00:00,High,Onboarding Help,4
135,1466,2026-06-16 00:00:00,2026-06-25 08:00:00,Low,Account Access,4
136,1466,2026-03-30 00:00:00,2026-03-31 10:00:00,Low,Feature Request,4
137,1605,2026-02-18 00:00:00,2026-02-18 14:00:00,Medium,Billing,3
138,1605,2025-03-20 00:00:00,2025-03-22 02:00:00,Low,Feature Request,4
139,1844,2026-04-09 00:00:00,,Medium,Onboarding Help,
140,1844,2025-01-03 00:00:00,2025-01-10 06:00:00,High,Billing,4
141,1844,2025-04-17 00:00:00,2025-04-18 03:00:00,High,Integration Issue,5
142,1753,2026-06-27 00:00:00,,Medium,Account Access,
143,1753,2025-11-05 00:00:00,2025-11-10 13:00:00,High,Billing,5
144,421,2026-02-21 00:00:00,2026-02-26 03:00:00,High,Account Access,3
145,421,2026-05-24 00:00:00,2026-05-25 00:00:00,Low,Bug Report,4
146,1244,2026-01-02 00:00:00,2026-01-11 01:00:00,Low,Onboarding Help,2
147,318,2025-12-17 00:00:00,2025-12-22 22:00:00,Medium,Integration Issue,5
148,318,2025-12-25 00:00:00,2025-12-26 14:00:00,Medium,Bug Report,3
149,1586,2026-04-17 00:00:00,2026-04-22 03:00:00,Medium,Billing,3
150,647,2024-08-31 00:00:00,2024-09-07 04:00:00,Medium,Bug Report,5
151,647,2024-12-06 00:00:00,2024-12-11 03:00:00,Low,Onboarding Help,2
152,647,2025-01-20 00:00:00,,Low,Integration Issue,
153,501,2026-04-04 00:00:00,2026-04-06 20:00:00,Medium,Feature Request,4
154,501,2026-01-15 00:00:00,2026-01-19 06:00:00,Medium,Integration Issue,5
155,2072,2025-10-16 00:00:00,,Medium,Bug Report,
156,814,2026-06-08 00:00:00,2026-06-16 16:00:00,Low,Onboarding Help,5
157,82,2025-03-17 00:00:00,,Low,Integration Issue,
158,82,2025-12-14 00:00:00,2025-12-14 21:00:00,High,Bug Report,5
159,983,2025-01-07 00:00:00,,Medium,Onboarding Help,
160,983,2025-03-09 00:00:00,2025-03-15 12:00:00,High,Feature Request,3
161,983,2024-12-15 00:00:00,2024-12-17 12:00:00,Low,Bug Report,3
162,983,2025-06-01 00:00:00,2025-06-03 01:00:00,Medium,Onboarding Help,4
163,500,2025-07-31 00:00:00,2025-08-03 15:00:00,Medium,Feature Request,4
164,500,2025-07-11 00:00:00,2025-07-11 10:00:00,High,Onboarding Help,4
165,401,2025-11-23 00:00:00,2025-11-28 04:00:00,High,Account Access,4
166,401,2026-06-30 00:00:00,,High,Feature Request,
167,1964,2026-05-13 00:00:00,,Urgent,Billing,
168,1964,2026-04-16 00:00:00,2026-04-24 19:00:00,High,Account Access,4
169,1964,2026-04-25 00:00:00,2026-04-30 00:00:00,Low,Billing,4
170,1964,2026-06-29 00:00:00,,High,Feature Request,
171,162,2025-04-02 00:00:00,2025-04-09 15:00:00,Medium,Billing,2
172,162,2024-02-03 00:00:00,2024-02-08 02:00:00,Low,Bug Report,5
173,158,2026-05-18 00:00:00,2026-05-28 00:00:00,Medium,Account Access,4
174,1931,2026-05-06 00:00:00,2026-05-09 00:00:00,Low,Account Access,5
175,984,2025-09-24 00:00:00,2025-09-30 01:00:00,High,Feature Request,5
176,984,2025-11-02 00:00:00,2025-11-05 16:00:00,Low,Account Access,5
177,984,2026-02-09 00:00:00,2026-02-10 06:00:00,Low,Feature Request,3
178,984,2025-11-14 00:00:00,2025-11-17 20:00:00,High,Billing,4
179,1656,2025-10-12 00:00:00,2025-10-13 10:00:00,Medium,Account Access,5
180,1656,2026-05-12 00:00:00,2026-05-18 04:00:00,Low,Integration Issue,1
181,928,2026-06-07 00:00:00,2026-06-08 10:00:00,Low,Account Access,5
182,1346,2025-05-18 00:00:00,2025-05-22 02:00:00,High,Bug Report,2
183,1855,2025-08-03 00:00:00,2025-08-09 01:00:00,Low,Integration Issue,5
184,1747,2025-04-20 00:00:00,2025-04-24 05:00:00,Low,Billing,4
185,1747,2024-05-26 00:00:00,2024-06-03 05:00:00,Low,Account Access,4
186,1747,2024-02-20 00:00:00,2024-02-22 08:00:00,Medium,Integration Issue,1
187,618,2026-03-25 00:00:00,2026-03-26 02:00:00,Low,Onboarding Help,5
188,618,2026-03-08 00:00:00,2026-03-10 07:00:00,High,Bug Report,5
189,618,2026-05-03 00:00:00,2026-05-04 03:00:00,Low,Billing,4
190,618,2024-07-31 00:00:00,2024-08-08 18:00:00,Medium,Onboarding Help,2
191,1525,2026-03-10 00:00:00,2026-03-16 22:00:00,Low,Billing,1
192,1525,2026-01-18 00:00:00,2026-01-26 09:00:00,High,Onboarding Help,4
193,1525,2024-10-16 00:00:00,2024-10-19 01:00:00,Medium,Account Access,5
194,1525,2026-03-13 00:00:00,2026-03-14 05:00:00,Urgent,Account Access,2
195,165,2026-02-27 00:00:00,2026-03-04 12:00:00,Medium,Billing,3
196,165,2024-09-20 00:00:00,2024-09-21 03:00:00,Medium,Integration Issue,5
197,1254,2026-05-12 00:00:00,2026-05-19 04:00:00,Low,Onboarding Help,5
198,1254,2026-01-28 00:00:00,2026-01-30 04:00:00,Low,Integration Issue,5
199,1254,2025-11-14 00:00:00,2025-11-19 16:00:00,Low,Feature Request,5
200,534,2026-04-26 00:00:00,2026-04-28 22:00:00,High,Onboarding Help,4
201,1543,2026-04-28 00:00:00,2026-05-01 19:00:00,High,Billing,5
202,119,2026-03-20 00:00:00,2026-03-29 12:00:00,Low,Feature Request,3
203,2073,2025-11-08 00:00:00,2025-11-16 13:00:00,Low,Feature Request,3
204,2073,2025-05-12 00:00:00,2025-05-12 22:00:00,Low,Billing,3
205,2073,2025-10-25 00:00:00,2025-11-03 10:00:00,Medium,Feature Request,5
206,1484,2026-05-26 00:00:00,2026-06-04 09:00:00,High,Account Access,3
207,672,2026-02-22 00:00:00,2026-03-02 04:00:00,Medium,Feature Request,3
208,672,2026-04-27 00:00:00,2026-05-02 16:00:00,High,Feature Request,5
209,85,2025-12-04 00:00:00,2025-12-09 00:00:00,High,Feature Request,4
210,1997,2025-08-27 00:00:00,,Medium,Bug Report,
211,1997,2026-02-13 00:00:00,2026-02-22 19:00:00,High,Integration Issue,4
212,676,2026-06-26 00:00:00,2026-06-26 18:00:00,Medium,Bug Report,3
213,565,2026-05-07 00:00:00,,Medium,Onboarding Help,
214,565,2025-06-17 00:00:00,2025-06-18 12:00:00,High,Billing,4
215,565,2025-05-20 00:00:00,2025-05-28 13:00:00,Low,Feature Request,5
216,565,2026-02-08 00:00:00,,Urgent,Account Access,
217,2029,2026-04-07 00:00:00,,High,Onboarding Help,
218,2029,2025-06-02 00:00:00,2025-06-08 22:00:00,High,Onboarding Help,2
219,1502,2024-07-23 00:00:00,2024-07-31 02:00:00,Medium,Onboarding Help,4
220,576,2026-04-28 00:00:00,2026-05-03 06:00:00,Low,Feature Request,2
221,576,2026-03-09 00:00:00,2026-03-10 09:00:00,Low,Onboarding Help,4
222,725,2026-02-09 00:00:00,2026-02-18 12:00:00,High,Account Access,3
223,725,2025-02-17 00:00:00,2025-02-21 10:00:00,High,Account Access,3
224,2166,2026-06-05 00:00:00,2026-06-13 20:00:00,High,Onboarding Help,3
225,547,2026-06-23 00:00:00,2026-06-27 18:00:00,Medium,Feature Request,4
226,1531,2025-08-18 00:00:00,2025-08-23 04:00:00,High,Integration Issue,2
227,1531,2026-01-26 00:00:00,2026-01-26 02:00:00,Medium,Feature Request,2
228,1531,2026-04-04 00:00:00,2026-04-08 18:00:00,Medium,Integration Issue,4
229,1531,2025-05-30 00:00:00,2025-06-03 20:00:00,Low,Billing,5
230,1026,2026-03-01 00:00:00,2026-03-06 03:00:00,Low,Bug Report,5
231,1026,2025-04-15 00:00:00,,Medium,Billing,
232,1026,2026-02-09 00:00:00,2026-02-13 07:00:00,Low,Account Access,5
233,1026,2026-04-11 00:00:00,2026-04-20 22:00:00,High,Account Access,4
234,1119,2026-04-07 00:00:00,2026-04-15 23:00:00,Low,Feature Request,5
235,1122,2024-06-15 00:00:00,2024-06-18 23:00:00,Urgent,Onboarding Help,4
236,1429,2026-05-18 00:00:00,2026-05-20 19:00:00,Medium,Integration Issue,5
237,1429,2026-05-19 00:00:00,,Low,Account Access,
238,1165,2025-06-13 00:00:00,2025-06-15 16:00:00,Medium,Onboarding Help,2
239,587,2025-01-22 00:00:00,2025-01-31 06:00:00,Urgent,Account Access,4
240,1261,2025-05-08 00:00:00,2025-05-12 05:00:00,Low,Feature Request,4
241,1503,2025-11-07 00:00:00,2025-11-10 21:00:00,Medium,Account Access,5
242,1503,2025-11-09 00:00:00,,Medium,Integration Issue,
243,1203,2025-08-08 00:00:00,2025-08-16 13:00:00,Low,Integration Issue,5
244,25,2024-11-12 00:00:00,2024-11-12 16:00:00,Low,Integration Issue,4
245,25,2025-09-04 00:00:00,2025-09-08 06:00:00,Medium,Billing,5
246,25,2026-01-24 00:00:00,2026-01-28 01:00:00,Medium,Billing,3
247,820,2026-05-06 00:00:00,2026-05-09 18:00:00,Medium,Billing,5
248,671,2026-06-01 00:00:00,2026-06-08 03:00:00,Medium,Account Access,5
249,671,2026-06-03 00:00:00,2026-06-11 19:00:00,High,Account Access,4
250,924,2025-12-26 00:00:00,2025-12-26 11:00:00,Low,Integration Issue,4
251,24,2026-05-10 00:00:00,2026-05-10 03:00:00,Medium,Feature Request,4
252,24,2025-05-05 00:00:00,2025-05-05 03:00:00,Low,Feature Request,1
253,1841,2024-12-18 00:00:00,2024-12-21 02:00:00,Urgent,Integration Issue,4
254,1841,2024-11-01 00:00:00,2024-11-09 18:00:00,High,Onboarding Help,4
255,1841,2025-02-09 00:00:00,2025-02-12 20:00:00,Medium,Onboarding Help,5
256,1960,2026-04-04 00:00:00,2026-04-07 07:00:00,Medium,Account Access,5
257,225,2025-05-18 00:00:00,2025-05-22 02:00:00,Low,Account Access,3
258,225,2025-05-02 00:00:00,2025-05-08 00:00:00,Low,Account Access,3
259,225,2026-05-03 00:00:00,2026-05-10 18:00:00,Low,Billing,3
260,1754,2025-04-01 00:00:00,2025-04-05 20:00:00,Medium,Integration Issue,4
261,1754,2025-08-16 00:00:00,,Medium,Account Access,
262,1754,2026-02-11 00:00:00,2026-02-11 09:00:00,Medium,Integration Issue,2
263,1812,2025-11-18 00:00:00,2025-11-25 03:00:00,Medium,Bug Report,5
264,1812,2025-10-20 00:00:00,2025-10-21 22:00:00,Low,Bug Report,4
265,1812,2025-07-15 00:00:00,,Medium,Bug Report,
266,2159,2025-11-14 00:00:00,2025-11-21 21:00:00,Low,Billing,3
267,2159,2026-06-30 00:00:00,,High,Billing,
268,859,2025-05-02 00:00:00,2025-05-04 23:00:00,Medium,Account Access,4
269,859,2026-02-25 00:00:00,2026-03-01 08:00:00,High,Account Access,5
270,859,2026-03-26 00:00:00,2026-04-04 00:00:00,Urgent,Bug Report,3
271,1639,2026-06-04 00:00:00,2026-06-12 06:00:00,High,Bug Report,2
272,1639,2026-06-13 00:00:00,2026-06-22 23:00:00,Low,Onboarding Help,5
273,708,2025-11-05 00:00:00,2025-11-11 05:00:00,Low,Account Access,4
274,1907,2026-02-16 00:00:00,2026-02-17 20:00:00,Medium,Account Access,1
275,729,2025-12-24 00:00:00,2025-12-30 14:00:00,Medium,Account Access,3
276,2101,2026-05-21 00:00:00,2026-05-30 08:00:00,High,Feature Request,4
277,2048,2026-01-22 00:00:00,2026-01-30 06:00:00,Medium,Account Access,5
278,2048,2026-05-22 00:00:00,2026-05-31 16:00:00,Low,Bug Report,5
279,833,2024-12-19 00:00:00,2024-12-28 06:00:00,Urgent,Onboarding Help,1
280,833,2024-12-07 00:00:00,2024-12-13 02:00:00,Urgent,Account Access,3
281,633,2025-09-14 00:00:00,2025-09-22 05:00:00,Low,Bug Report,4
282,1727,2026-06-11 00:00:00,2026-06-20 09:00:00,Urgent,Onboarding Help,4
283,1727,2026-05-05 00:00:00,2026-05-07 02:00:00,High,Account Access,3
284,1727,2026-05-18 00:00:00,2026-05-25 11:00:00,Medium,Integration Issue,3
285,1727,2026-06-01 00:00:00,2026-06-03 14:00:00,Medium,Onboarding Help,2
286,856,2025-08-09 00:00:00,2025-08-18 19:00:00,Medium,Integration Issue,4
287,649,2024-04-16 00:00:00,2024-04-25 13:00:00,Medium,Account Access,2
288,445,2025-01-04 00:00:00,2025-01-07 06:00:00,Urgent,Onboarding Help,5
289,1226,2024-12-25 00:00:00,2024-12-27 15:00:00,Low,Feature Request,3
290,404,2025-06-03 00:00:00,2025-06-05 05:00:00,Urgent,Onboarding Help,5
291,1612,2026-04-26 00:00:00,2026-05-03 21:00:00,High,Billing,4
292,617,2025-10-15 00:00:00,2025-10-20 01:00:00,Low,Account Access,4
293,617,2024-07-10 00:00:00,2024-07-14 21:00:00,Medium,Onboarding Help,4
294,617,2026-04-06 00:00:00,,Medium,Billing,
295,617,2024-09-15 00:00:00,2024-09-24 21:00:00,Low,Feature Request,3
296,2190,2026-03-17 00:00:00,2026-03-26 22:00:00,Medium,Feature Request,5
297,2190,2026-01-28 00:00:00,,High,Account Access,
298,2190,2024-09-07 00:00:00,2024-09-13 19:00:00,Medium,Feature Request,4
299,1783,2025-04-15 00:00:00,2025-04-18 20:00:00,Medium,Onboarding Help,5
300,368,2025-04-07 00:00:00,,Low,Bug Report,
301,368,2024-11-09 00:00:00,2024-11-16 11:00:00,High,Account Access,1
302,63,2025-11-18 00:00:00,2025-11-24 13:00:00,Urgent,Feature Request,4
303,1847,2026-05-25 00:00:00,2026-05-29 21:00:00,Urgent,Feature Request,3
304,1847,2026-05-23 00:00:00,,Medium,Feature Request,
305,239,2026-03-05 00:00:00,2026-03-12 02:00:00,Low,Billing,4
306,531,2025-03-22 00:00:00,2025-03-30 13:00:00,Urgent,Feature Request,5
307,531,2025-08-25 00:00:00,2025-08-30 12:00:00,High,Feature Request,4
308,1230,2026-01-25 00:00:00,2026-01-31 22:00:00,Medium,Feature Request,3
309,1368,2026-05-29 00:00:00,2026-06-01 18:00:00,Medium,Feature Request,4
310,1807,2025-08-31 00:00:00,2025-09-06 05:00:00,Medium,Account Access,2
311,1807,2025-07-07 00:00:00,2025-07-08 02:00:00,High,Bug Report,3
312,1807,2026-03-04 00:00:00,2026-03-06 23:00:00,Low,Account Access,4
313,84,2026-06-08 00:00:00,2026-06-10 04:00:00,Medium,Integration Issue,5
314,497,2026-04-04 00:00:00,2026-04-05 18:00:00,Medium,Bug Report,4
315,1620,2025-10-21 00:00:00,2025-10-30 04:00:00,Low,Onboarding Help,4
316,409,2025-02-08 00:00:00,2025-02-10 09:00:00,High,Billing,4
317,1248,2025-08-25 00:00:00,2025-08-30 00:00:00,Low,Feature Request,2
318,1248,2025-06-29 00:00:00,2025-06-29 19:00:00,Medium,Billing,5
319,1248,2025-06-09 00:00:00,2025-06-12 09:00:00,Low,Feature Request,5
320,1248,2025-08-31 00:00:00,2025-08-31 01:00:00,Low,Integration Issue,1
321,2177,2026-05-29 00:00:00,2026-06-06 12:00:00,Low,Onboarding Help,5
322,797,2026-05-23 00:00:00,2026-05-26 21:00:00,Medium,Account Access,4
323,797,2026-04-19 00:00:00,2026-04-20 10:00:00,Low,Account Access,4
324,606,2026-02-13 00:00:00,2026-02-14 06:00:00,Urgent,Integration Issue,4
325,1161,2026-01-04 00:00:00,2026-01-11 10:00:00,Medium,Account Access,5
326,1786,2026-06-22 00:00:00,,High,Feature Request,
327,1786,2026-06-28 00:00:00,,Low,Onboarding Help,
328,1786,2026-06-26 00:00:00,,Medium,Feature Request,
329,1074,2024-10-20 00:00:00,2024-10-23 04:00:00,High,Integration Issue,5
330,1074,2026-05-05 00:00:00,2026-05-13 18:00:00,Low,Account Access,2
331,597,2026-06-14 00:00:00,2026-06-18 14:00:00,Urgent,Account Access,1
332,1729,2025-12-07 00:00:00,2025-12-12 07:00:00,Medium,Integration Issue,5
333,646,2025-07-22 00:00:00,2025-07-30 06:00:00,Medium,Account Access,2
334,750,2026-04-23 00:00:00,2026-04-27 17:00:00,Medium,Bug Report,1
335,750,2026-03-05 00:00:00,2026-03-14 21:00:00,High,Billing,4
336,1650,2026-01-30 00:00:00,2026-02-05 07:00:00,Low,Bug Report,5
337,1650,2026-02-05 00:00:00,2026-02-14 00:00:00,Low,Integration Issue,5
338,674,2026-02-25 00:00:00,,Medium,Account Access,
339,1559,2025-12-05 00:00:00,2025-12-11 05:00:00,Medium,Feature Request,5
340,1598,2026-06-15 00:00:00,2026-06-21 03:00:00,Medium,Integration Issue,5
341,77,2026-06-29 00:00:00,2026-06-29 16:00:00,Medium,Feature Request,2
342,77,2026-06-29 00:00:00,,High,Bug Report,
343,77,2026-06-29 00:00:00,,Medium,Integration Issue,
344,726,2025-02-18 00:00:00,2025-02-25 10:00:00,Urgent,Billing,4
345,726,2025-04-13 00:00:00,2025-04-15 19:00:00,Medium,Feature Request,4
346,896,2025-09-18 00:00:00,2025-09-27 08:00:00,Medium,Feature Request,4
347,896,2025-06-27 00:00:00,,High,Bug Report,
348,946,2025-02-11 00:00:00,2025-02-19 14:00:00,High,Billing,4
349,946,2024-10-31 00:00:00,2024-11-09 13:00:00,High,Account Access,4
350,946,2026-01-19 00:00:00,2026-01-23 01:00:00,Medium,Feature Request,3
351,946,2025-01-25 00:00:00,2025-01-30 06:00:00,Low,Bug Report,5
352,1241,2026-06-26 00:00:00,,Medium,Account Access,
353,1241,2026-05-27 00:00:00,2026-05-30 07:00:00,Urgent,Feature Request,4
354,1241,2026-06-01 00:00:00,2026-06-07 16:00:00,Medium,Bug Report,5
355,2092,2025-09-26 00:00:00,,High,Account Access,
356,1689,2025-11-04 00:00:00,2025-11-07 17:00:00,Medium,Onboarding Help,1
357,432,2025-10-25 00:00:00,2025-10-31 13:00:00,Low,Feature Request,4
358,1049,2024-09-28 00:00:00,2024-10-04 02:00:00,Low,Billing,4
359,1049,2024-03-04 00:00:00,2024-03-12 15:00:00,Medium,Account Access,5
360,770,2026-06-06 00:00:00,2026-06-11 15:00:00,High,Billing,3
361,483,2025-05-14 00:00:00,2025-05-18 20:00:00,Medium,Integration Issue,2
362,483,2024-12-03 00:00:00,,Medium,Integration Issue,
363,483,2024-06-27 00:00:00,2024-06-27 22:00:00,Medium,Feature Request,3
364,1359,2026-05-06 00:00:00,,High,Account Access,
365,1359,2026-06-23 00:00:00,2026-06-23 12:00:00,Low,Billing,4
366,515,2026-01-17 00:00:00,2026-01-26 02:00:00,Medium,Integration Issue,5
367,1003,2025-06-18 00:00:00,2025-06-26 12:00:00,Low,Account Access,3
368,1591,2025-06-15 00:00:00,2025-06-22 05:00:00,Low,Onboarding Help,4
369,1591,2025-05-22 00:00:00,2025-05-25 04:00:00,Low,Integration Issue,4
370,1591,2025-06-15 00:00:00,,High,Integration Issue,
371,1809,2026-06-13 00:00:00,2026-06-15 11:00:00,Medium,Billing,5
372,1062,2025-08-26 00:00:00,2025-08-31 01:00:00,Urgent,Bug Report,5
373,919,2025-09-27 00:00:00,2025-10-04 17:00:00,Medium,Account Access,4
374,1288,2025-02-18 00:00:00,2025-02-25 06:00:00,Low,Integration Issue,5
375,1288,2025-05-23 00:00:00,2025-05-28 23:00:00,Low,Bug Report,4
376,1288,2025-07-27 00:00:00,2025-07-29 07:00:00,Medium,Onboarding Help,3
377,1155,2026-03-18 00:00:00,2026-03-26 11:00:00,Low,Integration Issue,2
378,1155,2026-03-20 00:00:00,2026-03-26 06:00:00,High,Integration Issue,5
379,1155,2026-05-18 00:00:00,,Medium,Onboarding Help,
380,585,2026-04-30 00:00:00,2026-05-06 10:00:00,Low,Integration Issue,5
381,585,2025-12-20 00:00:00,2025-12-25 21:00:00,Urgent,Account Access,2
382,585,2026-05-08 00:00:00,,Urgent,Feature Request,
383,346,2026-06-11 00:00:00,2026-06-12 04:00:00,Low,Onboarding Help,4
384,346,2026-06-26 00:00:00,,Medium,Account Access,
385,450,2025-10-21 00:00:00,2025-10-21 03:00:00,Medium,Bug Report,5
386,1670,2026-04-03 00:00:00,2026-04-10 21:00:00,Medium,Bug Report,5
387,1670,2026-05-14 00:00:00,2026-05-14 08:00:00,High,Bug Report,3
388,1670,2026-04-14 00:00:00,2026-04-23 03:00:00,Medium,Billing,4
389,1670,2026-01-22 00:00:00,2026-01-28 15:00:00,Low,Bug Report,4
390,594,2025-08-12 00:00:00,2025-08-21 17:00:00,High,Bug Report,4
391,594,2025-03-05 00:00:00,2025-03-08 13:00:00,Medium,Integration Issue,5
392,594,2025-01-16 00:00:00,2025-01-18 06:00:00,Urgent,Integration Issue,5
393,349,2026-01-15 00:00:00,2026-01-24 08:00:00,High,Bug Report,5
394,637,2025-03-08 00:00:00,2025-03-14 18:00:00,High,Account Access,4
395,2149,2026-02-24 00:00:00,2026-03-01 21:00:00,High,Integration Issue,2
396,2149,2025-10-06 00:00:00,2025-10-13 20:00:00,Medium,Integration Issue,4
397,2149,2026-03-16 00:00:00,2026-03-22 00:00:00,High,Account Access,4
398,2149,2026-01-23 00:00:00,2026-01-29 09:00:00,Medium,Bug Report,4
399,35,2026-05-24 00:00:00,2026-05-26 09:00:00,Medium,Onboarding Help,3
400,35,2026-05-30 00:00:00,2026-06-08 14:00:00,Medium,Billing,5
401,35,2026-06-21 00:00:00,2026-06-23 02:00:00,Medium,Integration Issue,3
402,665,2026-06-14 00:00:00,2026-06-21 05:00:00,Medium,Billing,5
403,1291,2025-05-20 00:00:00,2025-05-28 14:00:00,Medium,Integration Issue,3
404,1988,2026-06-25 00:00:00,2026-06-26 21:00:00,Medium,Onboarding Help,5
405,1988,2025-06-19 00:00:00,2025-06-23 06:00:00,Medium,Onboarding Help,5
406,1988,2026-01-02 00:00:00,2026-01-07 17:00:00,High,Billing,3
407,1988,2025-12-26 00:00:00,2025-12-31 11:00:00,Medium,Account Access,4
408,1825,2026-06-13 00:00:00,2026-06-15 20:00:00,High,Integration Issue,3
409,1825,2026-06-10 00:00:00,2026-06-11 02:00:00,Low,Account Access,3
410,1825,2026-06-08 00:00:00,2026-06-15 01:00:00,High,Account Access,5
411,107,2025-04-01 00:00:00,2025-04-03 13:00:00,High,Account Access,5
412,107,2024-10-01 00:00:00,2024-10-03 13:00:00,Low,Integration Issue,3
413,2019,2026-05-07 00:00:00,,Medium,Billing,
414,806,2026-03-10 00:00:00,2026-03-18 21:00:00,Low,Billing,5
415,806,2025-09-22 00:00:00,2025-09-30 10:00:00,Urgent,Billing,5
416,1207,2024-08-04 00:00:00,2024-08-05 22:00:00,Medium,Bug Report,4
417,1170,2026-01-29 00:00:00,2026-02-05 13:00:00,Low,Account Access,5
418,1170,2026-06-27 00:00:00,,Medium,Onboarding Help,
419,2103,2024-02-29 00:00:00,2024-03-08 20:00:00,Medium,Account Access,3
420,1001,2026-06-19 00:00:00,2026-06-23 02:00:00,High,Onboarding Help,4
421,1001,2026-06-15 00:00:00,2026-06-15 17:00:00,Low,Integration Issue,4
422,151,2025-10-13 00:00:00,2025-10-22 08:00:00,Medium,Bug Report,3
423,151,2025-11-06 00:00:00,2025-11-11 20:00:00,High,Integration Issue,4
424,151,2026-01-13 00:00:00,2026-01-19 10:00:00,High,Bug Report,5
425,912,2026-04-02 00:00:00,2026-04-02 21:00:00,Low,Account Access,4
426,1464,2026-05-25 00:00:00,2026-06-01 15:00:00,Medium,Feature Request,2
427,1464,2025-12-24 00:00:00,2025-12-30 04:00:00,Medium,Account Access,4
428,1041,2026-02-06 00:00:00,2026-02-11 07:00:00,Low,Integration Issue,2
429,1133,2025-12-18 00:00:00,2025-12-25 09:00:00,Low,Billing,4
430,1133,2026-02-01 00:00:00,2026-02-04 08:00:00,Urgent,Account Access,5
431,1133,2026-03-01 00:00:00,2026-03-02 07:00:00,Low,Onboarding Help,4
432,1097,2024-08-10 00:00:00,,Medium,Account Access,
433,1097,2025-12-20 00:00:00,2025-12-23 13:00:00,Medium,Account Access,3
434,1097,2024-11-01 00:00:00,2024-11-05 19:00:00,Low,Onboarding Help,2
435,1895,2025-08-14 00:00:00,2025-08-17 19:00:00,High,Billing,5
436,837,2026-06-30 00:00:00,,Low,Feature Request,
437,2077,2026-05-26 00:00:00,,Medium,Feature Request,
438,2141,2026-02-18 00:00:00,2026-02-18 16:00:00,Medium,Billing,5
439,2141,2026-04-19 00:00:00,2026-04-19 05:00:00,Low,Account Access,5
440,677,2026-02-13 00:00:00,2026-02-18 11:00:00,Medium,Integration Issue,4
441,677,2025-10-31 00:00:00,2025-11-03 13:00:00,Low,Onboarding Help,4
442,677,2025-06-15 00:00:00,2025-06-23 17:00:00,Urgent,Billing,4
443,939,2024-05-09 00:00:00,2024-05-17 04:00:00,Medium,Account Access,5
444,939,2026-03-27 00:00:00,2026-03-28 14:00:00,Medium,Integration Issue,1
445,933,2025-06-17 00:00:00,2025-06-17 06:00:00,High,Onboarding Help,5
446,933,2024-03-21 00:00:00,2024-03-22 10:00:00,Medium,Feature Request,5
447,933,2025-02-22 00:00:00,2025-02-22 07:00:00,Urgent,Integration Issue,5
448,933,2026-04-29 00:00:00,2026-05-07 19:00:00,Medium,Bug Report,5
449,731,2026-05-22 00:00:00,2026-05-31 12:00:00,Low,Onboarding Help,4
450,2071,2026-03-22 00:00:00,2026-03-22 05:00:00,Medium,Account Access,4
451,419,2026-05-15 00:00:00,2026-05-21 21:00:00,Medium,Integration Issue,5
452,927,2024-09-01 00:00:00,2024-09-10 05:00:00,High,Feature Request,1
453,1540,2026-01-12 00:00:00,2026-01-18 23:00:00,Low,Onboarding Help,5
454,1706,2025-04-05 00:00:00,2025-04-06 09:00:00,Low,Onboarding Help,4
455,1732,2025-12-21 00:00:00,2025-12-27 18:00:00,Medium,Billing,5
456,1732,2025-07-09 00:00:00,2025-07-12 21:00:00,Urgent,Bug Report,4
457,1732,2025-08-25 00:00:00,2025-08-31 14:00:00,Low,Feature Request,5
458,2170,2026-05-14 00:00:00,2026-05-22 20:00:00,Medium,Billing,5
459,1216,2025-11-07 00:00:00,2025-11-15 16:00:00,Low,Onboarding Help,3
460,1845,2026-01-24 00:00:00,2026-02-02 03:00:00,Medium,Integration Issue,5
461,1845,2025-08-09 00:00:00,,Medium,Onboarding Help,
462,2080,2026-06-03 00:00:00,2026-06-08 01:00:00,Medium,Feature Request,4
463,2015,2025-10-20 00:00:00,2025-10-27 06:00:00,High,Integration Issue,2
464,1419,2026-06-26 00:00:00,2026-06-29 17:00:00,Medium,Integration Issue,4
465,373,2026-05-18 00:00:00,2026-05-27 04:00:00,High,Account Access,5
466,373,2026-06-10 00:00:00,2026-06-12 17:00:00,Medium,Bug Report,2
467,373,2026-06-24 00:00:00,2026-06-29 11:00:00,Medium,Account Access,5
468,198,2026-06-10 00:00:00,,Low,Billing,
469,198,2026-06-28 00:00:00,,Medium,Account Access,
470,198,2026-06-25 00:00:00,2026-06-26 12:00:00,High,Integration Issue,4
471,2154,2025-12-28 00:00:00,2026-01-03 11:00:00,Low,Onboarding Help,1
472,360,2025-08-29 00:00:00,2025-09-02 13:00:00,Low,Bug Report,5
473,1673,2025-10-16 00:00:00,2025-10-17 08:00:00,High,Bug Report,3
474,1795,2026-06-24 00:00:00,,High,Billing,
475,1795,2026-05-08 00:00:00,2026-05-16 10:00:00,High,Feature Request,5
476,300,2026-04-26 00:00:00,,Low,Feature Request,
477,968,2025-11-09 00:00:00,2025-11-13 00:00:00,Medium,Bug Report,4
478,2100,2026-04-09 00:00:00,2026-04-17 23:00:00,Medium,Account Access,3
479,1646,2026-02-27 00:00:00,2026-03-01 21:00:00,Medium,Integration Issue,4
480,1428,2026-04-22 00:00:00,2026-04-30 22:00:00,Low,Billing,4
481,28,2024-06-18 00:00:00,2024-06-23 20:00:00,Medium,Billing,5
482,182,2025-12-01 00:00:00,,Medium,Bug Report,
483,941,2026-02-22 00:00:00,2026-03-03 06:00:00,Medium,Integration Issue,3
484,1357,2026-04-12 00:00:00,2026-04-21 17:00:00,Medium,Bug Report,5
485,1357,2026-05-12 00:00:00,2026-05-19 11:00:00,Low,Bug Report,4
486,1357,2026-05-24 00:00:00,2026-05-28 18:00:00,High,Bug Report,3
487,439,2026-04-16 00:00:00,2026-04-18 02:00:00,Medium,Integration Issue,3
488,439,2026-05-05 00:00:00,,Medium,Bug Report,
489,439,2026-05-26 00:00:00,,High,Account Access,
490,1619,2026-03-04 00:00:00,2026-03-13 03:00:00,Low,Account Access,2
491,314,2026-05-26 00:00:00,,Low,Feature Request,
492,412,2026-05-24 00:00:00,2026-05-26 11:00:00,Urgent,Bug Report,4
493,644,2026-05-28 00:00:00,2026-06-04 10:00:00,High,Bug Report,5
494,1909,2026-05-27 00:00:00,2026-05-28 16:00:00,Low,Onboarding Help,4
495,1909,2026-03-13 00:00:00,2026-03-14 13:00:00,Medium,Account Access,4
496,1330,2025-11-25 00:00:00,2025-12-04 06:00:00,Medium,Bug Report,4
497,1610,2026-06-20 00:00:00,2026-06-20 13:00:00,High,Bug Report,3
498,1444,2026-04-18 00:00:00,2026-04-25 17:00:00,Low,Feature Request,4
499,1444,2025-11-14 00:00:00,,High,Onboarding Help,
500,1444,2025-10-16 00:00:00,,Low,Billing,
501,1829,2025-11-10 00:00:00,2025-11-12 18:00:00,Low,Onboarding Help,5
502,2186,2026-05-13 00:00:00,2026-05-16 00:00:00,Medium,Integration Issue,4
503,329,2025-11-30 00:00:00,2025-12-09 03:00:00,Urgent,Account Access,5
504,802,2025-11-01 00:00:00,2025-11-02 08:00:00,Low,Bug Report,4
505,1374,2026-06-11 00:00:00,2026-06-18 10:00:00,Low,Onboarding Help,4
506,1374,2026-05-28 00:00:00,2026-06-01 07:00:00,Low,Billing,4
507,288,2026-03-03 00:00:00,2026-03-05 15:00:00,High,Billing,5
508,288,2026-02-28 00:00:00,2026-03-05 05:00:00,Low,Feature Request,3
509,288,2026-01-19 00:00:00,,Medium,Bug Report,
510,2116,2024-07-22 00:00:00,2024-07-23 14:00:00,Low,Integration Issue,4
511,392,2026-06-07 00:00:00,2026-06-10 08:00:00,Medium,Feature Request,4
512,1397,2025-06-12 00:00:00,2025-06-17 00:00:00,High,Integration Issue,5
513,1397,2025-03-09 00:00:00,2025-03-10 16:00:00,Low,Feature Request,5
514,1397,2025-09-07 00:00:00,,Medium,Bug Report,
515,1082,2025-10-24 00:00:00,2025-10-26 09:00:00,High,Integration Issue,5
516,1082,2026-04-23 00:00:00,2026-04-24 11:00:00,High,Account Access,5
517,1082,2025-10-26 00:00:00,2025-10-26 09:00:00,Medium,Billing,5
518,1082,2026-05-03 00:00:00,2026-05-08 21:00:00,Low,Account Access,4
519,934,2026-04-19 00:00:00,2026-04-19 01:00:00,Medium,Bug Report,1
520,466,2026-05-10 00:00:00,2026-05-15 10:00:00,Medium,Integration Issue,5
521,466,2026-04-06 00:00:00,2026-04-07 15:00:00,Urgent,Account Access,3
522,466,2026-06-24 00:00:00,2026-06-26 11:00:00,Low,Onboarding Help,4
523,466,2026-04-15 00:00:00,2026-04-23 15:00:00,Medium,Feature Request,2
524,769,2024-12-30 00:00:00,,High,Bug Report,
525,101,2026-05-16 00:00:00,2026-05-16 11:00:00,Medium,Integration Issue,4
526,101,2026-05-17 00:00:00,2026-05-18 18:00:00,Medium,Integration Issue,4
527,101,2026-06-18 00:00:00,2026-06-18 02:00:00,Medium,Account Access,2
528,101,2026-06-01 00:00:00,2026-06-08 23:00:00,Low,Billing,5
529,1380,2026-06-09 00:00:00,2026-06-12 03:00:00,Medium,Integration Issue,5
530,696,2025-06-04 00:00:00,2025-06-11 02:00:00,Urgent,Integration Issue,4
531,696,2025-03-03 00:00:00,2025-03-09 18:00:00,Low,Feature Request,5
532,696,2025-10-15 00:00:00,,Low,Bug Report,
533,853,2025-12-05 00:00:00,,Urgent,Bug Report,
534,1372,2025-08-24 00:00:00,,High,Onboarding Help,
535,1974,2026-04-26 00:00:00,2026-05-05 10:00:00,Medium,Billing,3
536,1974,2026-02-13 00:00:00,2026-02-22 00:00:00,Low,Feature Request,3
537,1922,2025-07-10 00:00:00,,Low,Integration Issue,
538,1070,2025-01-30 00:00:00,2025-02-02 03:00:00,Low,Feature Request,5
539,449,2026-05-29 00:00:00,2026-06-03 13:00:00,Medium,Bug Report,2
540,774,2025-06-10 00:00:00,2025-06-12 15:00:00,Medium,Onboarding Help,4
541,774,2024-11-02 00:00:00,2024-11-07 15:00:00,Urgent,Feature Request,5
542,774,2024-10-14 00:00:00,2024-10-22 18:00:00,Medium,Integration Issue,2
543,977,2025-11-01 00:00:00,2025-11-05 17:00:00,Low,Account Access,5
544,977,2026-02-28 00:00:00,2026-03-07 13:00:00,Medium,Billing,5
545,1124,2026-05-14 00:00:00,2026-05-15 20:00:00,Low,Bug Report,4
546,1124,2026-04-17 00:00:00,2026-04-18 02:00:00,Medium,Feature Request,4
547,2035,2026-02-28 00:00:00,2026-02-28 13:00:00,High,Account Access,3
548,2035,2025-11-17 00:00:00,2025-11-23 08:00:00,Medium,Account Access,1
549,2035,2026-06-01 00:00:00,2026-06-01 21:00:00,Low,Bug Report,5
550,2035,2025-07-14 00:00:00,2025-07-16 00:00:00,Urgent,Billing,4
551,1644,2026-04-21 00:00:00,2026-04-24 09:00:00,Low,Feature Request,4
552,1644,2026-06-06 00:00:00,2026-06-08 22:00:00,Urgent,Feature Request,2
553,2013,2025-09-11 00:00:00,2025-09-11 22:00:00,High,Bug Report,5
554,1970,2025-03-24 00:00:00,2025-03-24 22:00:00,High,Bug Report,5
555,1970,2024-08-11 00:00:00,2024-08-17 21:00:00,Low,Account Access,5
556,1582,2026-02-25 00:00:00,,Medium,Bug Report,
557,1582,2025-06-30 00:00:00,,Medium,Feature Request,
558,1211,2025-03-20 00:00:00,2025-03-30 00:00:00,High,Integration Issue,4
559,1211,2026-05-01 00:00:00,2026-05-03 05:00:00,Medium,Billing,3
560,1211,2025-09-15 00:00:00,,High,Integration Issue,
561,1211,2026-01-04 00:00:00,2026-01-07 07:00:00,Medium,Billing,1
562,1827,2025-12-29 00:00:00,2026-01-04 20:00:00,Low,Feature Request,5
563,1403,2026-06-23 00:00:00,,Medium,Bug Report,
564,1403,2026-06-28 00:00:00,2026-06-28 05:00:00,Low,Account Access,5
565,2171,2024-06-26 00:00:00,2024-07-02 19:00:00,Medium,Onboarding Help,4
566,1936,2025-12-14 00:00:00,2025-12-16 20:00:00,Medium,Account Access,4
567,1936,2026-03-09 00:00:00,2026-03-14 15:00:00,Low,Feature Request,1
568,26,2024-09-28 00:00:00,2024-10-03 21:00:00,High,Onboarding Help,3
569,2189,2026-02-02 00:00:00,2026-02-10 02:00:00,Low,Feature Request,4
570,1048,2025-05-12 00:00:00,2025-05-21 15:00:00,Medium,Billing,5
571,1048,2026-03-18 00:00:00,,Low,Onboarding Help,
572,1519,2026-04-28 00:00:00,,Medium,Onboarding Help,
573,1519,2026-04-30 00:00:00,2026-05-08 15:00:00,Low,Billing,3
574,2016,2026-01-30 00:00:00,2026-01-31 14:00:00,Low,Feature Request,3
575,458,2025-11-20 00:00:00,2025-11-26 22:00:00,Low,Onboarding Help,4
576,130,2026-01-04 00:00:00,2026-01-05 04:00:00,High,Feature Request,5
577,130,2026-04-09 00:00:00,2026-04-17 19:00:00,High,Integration Issue,5
578,1014,2025-03-16 00:00:00,2025-03-18 17:00:00,High,Integration Issue,4
579,1014,2025-09-08 00:00:00,2025-09-12 10:00:00,High,Billing,4
580,1014,2026-01-15 00:00:00,2026-01-24 05:00:00,Medium,Account Access,5
581,361,2025-11-01 00:00:00,2025-11-06 02:00:00,Low,Onboarding Help,4
582,1020,2025-12-03 00:00:00,2025-12-10 17:00:00,Urgent,Account Access,4
583,1020,2025-09-06 00:00:00,2025-09-07 08:00:00,Medium,Onboarding Help,4
584,120,2024-02-10 00:00:00,,Low,Account Access,
585,1423,2025-04-02 00:00:00,2025-04-10 10:00:00,Medium,Integration Issue,2
586,1634,2026-06-29 00:00:00,,Low,Feature Request,
587,1168,2025-10-31 00:00:00,2025-11-04 08:00:00,High,Integration Issue,4
588,394,2026-03-27 00:00:00,2026-04-03 21:00:00,Medium,Account Access,4
589,316,2024-06-02 00:00:00,2024-06-03 01:00:00,Medium,Integration Issue,5
590,390,2026-01-28 00:00:00,2026-02-05 22:00:00,Medium,Billing,1
591,390,2026-03-02 00:00:00,,Medium,Billing,
592,390,2026-02-12 00:00:00,,Low,Integration Issue,
593,390,2026-03-22 00:00:00,2026-03-23 04:00:00,Medium,Billing,5
594,90,2026-06-26 00:00:00,2026-06-27 02:00:00,High,Onboarding Help,2
595,90,2026-05-29 00:00:00,2026-05-31 19:00:00,Medium,Billing,5
596,90,2026-06-28 00:00:00,,Medium,Integration Issue,
597,90,2026-05-26 00:00:00,2026-05-29 00:00:00,Low,Feature Request,3
598,985,2026-01-29 00:00:00,2026-01-29 21:00:00,Low,Feature Request,4
599,985,2025-09-09 00:00:00,2025-09-13 05:00:00,Medium,Account Access,4
600,985,2026-05-02 00:00:00,,High,Account Access,
601,985,2026-05-09 00:00:00,2026-05-15 03:00:00,Low,Account Access,4
602,308,2025-09-12 00:00:00,,Low,Account Access,
603,308,2025-04-06 00:00:00,2025-04-06 20:00:00,High,Bug Report,3
604,1712,2024-10-02 00:00:00,2024-10-11 13:00:00,Medium,Integration Issue,2
605,1712,2026-04-19 00:00:00,2026-04-26 09:00:00,Medium,Onboarding Help,4
606,2001,2025-12-28 00:00:00,2026-01-02 18:00:00,Medium,Billing,4
607,1599,2025-08-27 00:00:00,2025-08-31 01:00:00,High,Billing,5
608,1599,2025-09-29 00:00:00,,Medium,Account Access,
609,486,2025-02-12 00:00:00,2025-02-15 18:00:00,Low,Feature Request,3
610,1882,2026-06-04 00:00:00,2026-06-08 10:00:00,Medium,Bug Report,2
611,1725,2025-12-23 00:00:00,2026-01-01 14:00:00,Medium,Integration Issue,2
612,1561,2025-09-14 00:00:00,,High,Onboarding Help,
613,1561,2025-12-06 00:00:00,2025-12-15 13:00:00,Medium,Onboarding Help,3
614,1561,2026-06-26 00:00:00,2026-06-26 21:00:00,Low,Account Access,4
615,1558,2026-06-17 00:00:00,2026-06-21 19:00:00,Urgent,Integration Issue,4
616,562,2025-01-18 00:00:00,,High,Feature Request,
617,562,2025-06-19 00:00:00,2025-06-28 05:00:00,Medium,Feature Request,3
618,562,2024-09-23 00:00:00,2024-09-30 11:00:00,Medium,Billing,3
619,1391,2026-04-13 00:00:00,2026-04-22 15:00:00,Medium,Billing,5
620,1835,2025-09-29 00:00:00,2025-10-05 02:00:00,Low,Account Access,2
621,1835,2025-10-18 00:00:00,,Medium,Feature Request,
622,1835,2026-04-30 00:00:00,2026-05-07 20:00:00,Low,Integration Issue,3
623,1835,2025-10-19 00:00:00,2025-10-23 12:00:00,Medium,Onboarding Help,4
624,1796,2026-05-05 00:00:00,2026-05-05 18:00:00,Low,Account Access,3
625,716,2025-12-18 00:00:00,2025-12-25 11:00:00,High,Onboarding Help,4
626,246,2026-02-28 00:00:00,2026-03-01 01:00:00,Medium,Onboarding Help,3
627,246,2026-02-26 00:00:00,2026-02-28 10:00:00,High,Account Access,5
628,246,2026-03-20 00:00:00,2026-03-23 08:00:00,Urgent,Account Access,5
629,1919,2025-03-06 00:00:00,2025-03-15 13:00:00,Medium,Account Access,2
630,215,2026-04-22 00:00:00,2026-04-25 22:00:00,Low,Bug Report,4
631,215,2026-04-12 00:00:00,2026-04-17 18:00:00,High,Integration Issue,3
632,2008,2026-05-02 00:00:00,2026-05-07 13:00:00,Low,Integration Issue,3
633,2008,2025-05-11 00:00:00,2025-05-11 22:00:00,Medium,Onboarding Help,4
634,2008,2025-01-29 00:00:00,2025-02-04 12:00:00,Medium,Onboarding Help,2
635,417,2026-06-27 00:00:00,2026-06-28 08:00:00,Medium,Billing,2
636,2142,2026-02-03 00:00:00,2026-02-06 03:00:00,High,Billing,5
637,2142,2026-03-20 00:00:00,2026-03-24 01:00:00,High,Integration Issue,5
638,957,2024-10-03 00:00:00,2024-10-07 02:00:00,High,Account Access,1
639,957,2025-07-21 00:00:00,2025-07-27 22:00:00,Medium,Integration Issue,4
640,957,2025-05-29 00:00:00,2025-06-04 23:00:00,Medium,Billing,3
641,1481,2024-11-02 00:00:00,2024-11-10 06:00:00,Low,Feature Request,5
642,992,2025-09-30 00:00:00,2025-09-30 22:00:00,Medium,Bug Report,5
643,992,2025-11-16 00:00:00,2025-11-18 04:00:00,High,Integration Issue,4
644,992,2025-02-15 00:00:00,2025-02-19 07:00:00,Medium,Billing,4
645,992,2026-06-09 00:00:00,2026-06-13 21:00:00,Medium,Account Access,4
646,1908,2026-06-11 00:00:00,2026-06-12 19:00:00,Low,Billing,5
647,816,2025-05-14 00:00:00,2025-05-14 02:00:00,High,Account Access,3
648,186,2026-03-21 00:00:00,2026-03-21 22:00:00,High,Billing,5
649,1611,2026-01-20 00:00:00,2026-01-25 15:00:00,Medium,Account Access,5
650,423,2025-09-13 00:00:00,2025-09-20 04:00:00,Medium,Account Access,5
651,1446,2026-04-07 00:00:00,2026-04-07 18:00:00,Urgent,Account Access,1
652,210,2026-06-24 00:00:00,,Low,Bug Report,
653,615,2025-04-22 00:00:00,2025-04-28 12:00:00,Medium,Account Access,5
654,354,2025-12-11 00:00:00,2025-12-14 08:00:00,Medium,Integration Issue,5
655,354,2025-11-08 00:00:00,,Low,Bug Report,
656,670,2026-01-19 00:00:00,2026-01-25 11:00:00,Low,Bug Report,5
657,670,2025-06-06 00:00:00,2025-06-08 05:00:00,Urgent,Feature Request,5
658,670,2026-04-08 00:00:00,2026-04-11 17:00:00,Low,Account Access,4
659,491,2025-09-09 00:00:00,2025-09-18 00:00:00,High,Billing,4
660,22,2026-06-27 00:00:00,2026-06-29 03:00:00,Medium,Bug Report,4
661,22,2026-06-07 00:00:00,2026-06-14 10:00:00,Low,Billing,5
662,22,2026-06-12 00:00:00,,High,Account Access,
663,1265,2025-04-04 00:00:00,2025-04-12 12:00:00,Medium,Onboarding Help,5
664,684,2025-07-28 00:00:00,,Medium,Integration Issue,
665,684,2026-01-07 00:00:00,2026-01-14 15:00:00,High,Account Access,4
666,1994,2026-06-11 00:00:00,2026-06-13 03:00:00,Low,Account Access,4
667,1218,2026-02-25 00:00:00,2026-02-28 07:00:00,High,Billing,4
668,906,2025-02-18 00:00:00,2025-02-23 19:00:00,Urgent,Account Access,5
669,2022,2026-06-27 00:00:00,,Low,Onboarding Help,
670,1163,2026-06-02 00:00:00,2026-06-04 04:00:00,High,Account Access,1
671,1163,2026-04-09 00:00:00,2026-04-18 08:00:00,Low,Account Access,2
672,1163,2025-09-16 00:00:00,2025-09-25 11:00:00,Low,Integration Issue,2
673,1163,2026-06-10 00:00:00,2026-06-18 07:00:00,Medium,Onboarding Help,4
674,337,2026-03-30 00:00:00,2026-03-30 19:00:00,High,Bug Report,3
675,337,2026-01-18 00:00:00,2026-01-20 22:00:00,Medium,Integration Issue,2
676,337,2025-09-21 00:00:00,,Low,Account Access,
677,337,2026-04-19 00:00:00,2026-04-22 17:00:00,Medium,Account Access,4
678,1853,2026-01-21 00:00:00,,Medium,Feature Request,
679,1264,2026-05-28 00:00:00,2026-06-03 17:00:00,Low,Feature Request,4
680,1289,2026-04-21 00:00:00,2026-04-23 02:00:00,Medium,Billing,4
681,1289,2025-10-26 00:00:00,2025-10-30 11:00:00,High,Account Access,5
682,687,2025-09-25 00:00:00,2025-10-01 12:00:00,Medium,Feature Request,4
683,801,2024-09-17 00:00:00,,Low,Billing,
684,1435,2026-03-30 00:00:00,2026-03-31 05:00:00,Low,Integration Issue,5
685,1937,2025-09-02 00:00:00,2025-09-09 20:00:00,High,Bug Report,3
686,1965,2025-08-18 00:00:00,,Low,Bug Report,
687,1965,2025-06-08 00:00:00,2025-06-12 08:00:00,Medium,Billing,4
688,1965,2026-04-06 00:00:00,,Medium,Account Access,
689,1965,2025-11-19 00:00:00,2025-11-24 11:00:00,High,Account Access,5
690,1486,2026-02-25 00:00:00,2026-02-25 16:00:00,High,Onboarding Help,5
691,870,2025-08-17 00:00:00,2025-08-19 03:00:00,High,Billing,3
692,2107,2025-07-08 00:00:00,2025-07-08 09:00:00,Medium,Account Access,5
693,109,2025-06-13 00:00:00,2025-06-21 06:00:00,Urgent,Billing,4
694,1055,2026-04-05 00:00:00,2026-04-11 21:00:00,Medium,Feature Request,2
695,1055,2026-01-13 00:00:00,2026-01-18 09:00:00,Low,Bug Report,5
696,1055,2025-03-18 00:00:00,2025-03-19 12:00:00,Medium,Billing,2
697,1046,2026-02-23 00:00:00,2026-02-28 19:00:00,Low,Bug Report,2
698,1691,2025-10-23 00:00:00,2025-10-30 21:00:00,Low,Billing,4
699,2056,2025-06-23 00:00:00,2025-07-02 01:00:00,Low,Account Access,4
700,2056,2024-04-04 00:00:00,2024-04-12 17:00:00,High,Onboarding Help,4
701,2056,2024-07-01 00:00:00,2024-07-10 09:00:00,Medium,Feature Request,3
702,1480,2026-05-12 00:00:00,2026-05-18 13:00:00,Low,Onboarding Help,3
703,1480,2026-05-19 00:00:00,2026-05-23 17:00:00,Medium,Billing,5
704,1480,2026-04-27 00:00:00,2026-05-05 01:00:00,High,Integration Issue,2
705,1259,2026-01-17 00:00:00,2026-01-20 12:00:00,High,Onboarding Help,5
706,1259,2026-03-01 00:00:00,2026-03-02 10:00:00,High,Bug Report,5
707,1259,2026-04-25 00:00:00,,Medium,Integration Issue,
708,1748,2026-06-01 00:00:00,,High,Billing,
709,1955,2025-07-21 00:00:00,2025-07-26 18:00:00,Medium,Account Access,1
710,507,2026-05-13 00:00:00,,Medium,Account Access,
711,507,2025-11-12 00:00:00,,Urgent,Feature Request,
712,124,2026-02-06 00:00:00,2026-02-12 13:00:00,High,Feature Request,5
713,1723,2025-08-07 00:00:00,2025-08-08 12:00:00,Low,Bug Report,5
714,810,2026-05-13 00:00:00,,Urgent,Bug Report,
715,822,2025-09-29 00:00:00,,Medium,Integration Issue,
716,1615,2026-06-07 00:00:00,,Medium,Integration Issue,
717,498,2026-05-25 00:00:00,2026-05-26 08:00:00,Medium,Feature Request,4
718,1513,2025-08-19 00:00:00,2025-08-20 23:00:00,High,Billing,5
719,1304,2026-01-20 00:00:00,,Low,Bug Report,
720,1304,2026-04-27 00:00:00,2026-04-29 23:00:00,Medium,Account Access,5
721,1304,2025-09-17 00:00:00,2025-09-20 13:00:00,High,Integration Issue,4
722,1017,2025-02-14 00:00:00,2025-02-22 16:00:00,High,Account Access,5
723,1017,2026-01-02 00:00:00,2026-01-06 05:00:00,Low,Bug Report,4
724,146,2026-03-18 00:00:00,2026-03-18 12:00:00,High,Billing,5
725,146,2025-08-11 00:00:00,,Medium,Billing,
726,1865,2025-05-15 00:00:00,2025-05-20 15:00:00,Medium,Integration Issue,5
727,1865,2025-08-22 00:00:00,2025-08-23 14:00:00,Urgent,Bug Report,5
728,1977,2026-06-02 00:00:00,2026-06-05 12:00:00,Low,Feature Request,5
729,695,2025-08-31 00:00:00,,Low,Billing,
730,1749,2025-12-03 00:00:00,2025-12-08 18:00:00,Low,Integration Issue,5
731,1438,2026-04-07 00:00:00,2026-04-15 17:00:00,Low,Bug Report,5
732,1438,2025-06-09 00:00:00,2025-06-12 10:00:00,High,Billing,5
733,1438,2026-05-19 00:00:00,2026-05-23 05:00:00,Medium,Onboarding Help,2
734,1438,2026-03-17 00:00:00,2026-03-26 18:00:00,Medium,Bug Report,2
735,192,2026-04-11 00:00:00,2026-04-12 07:00:00,Urgent,Account Access,3
736,192,2026-01-03 00:00:00,,Medium,Account Access,
737,1739,2026-06-16 00:00:00,2026-06-20 12:00:00,Medium,Account Access,3
738,1772,2026-03-10 00:00:00,2026-03-16 14:00:00,Medium,Billing,3
739,812,2025-09-07 00:00:00,2025-09-13 08:00:00,Low,Billing,3
740,1911,2026-06-26 00:00:00,,Low,Integration Issue,
741,1911,2026-01-27 00:00:00,2026-02-04 22:00:00,Low,Onboarding Help,2
742,1911,2026-02-04 00:00:00,2026-02-06 22:00:00,Medium,Integration Issue,4
743,1911,2026-03-07 00:00:00,2026-03-11 10:00:00,Urgent,Integration Issue,4
744,1098,2025-05-08 00:00:00,,Medium,Integration Issue,
745,1205,2026-01-19 00:00:00,,High,Integration Issue,
746,1205,2025-03-08 00:00:00,2025-03-09 03:00:00,Low,Account Access,2
747,1205,2025-10-25 00:00:00,2025-11-04 00:00:00,High,Integration Issue,5
748,1205,2026-04-03 00:00:00,2026-04-11 08:00:00,Urgent,Feature Request,4
749,1858,2024-10-29 00:00:00,2024-10-30 22:00:00,Low,Onboarding Help,4
750,1858,2026-04-07 00:00:00,,Medium,Account Access,
751,1461,2025-07-08 00:00:00,2025-07-12 04:00:00,Urgent,Feature Request,4
752,1461,2025-04-28 00:00:00,2025-04-29 16:00:00,Low,Account Access,5
753,1461,2025-02-27 00:00:00,2025-02-27 10:00:00,Urgent,Bug Report,5
754,1461,2025-04-30 00:00:00,2025-05-08 17:00:00,Low,Bug Report,4
755,1083,2025-03-22 00:00:00,2025-03-28 14:00:00,Low,Billing,4
756,1083,2025-02-11 00:00:00,2025-02-14 17:00:00,Medium,Feature Request,4
757,1144,2025-10-07 00:00:00,2025-10-08 05:00:00,High,Feature Request,4
758,980,2026-05-31 00:00:00,2026-05-31 20:00:00,High,Account Access,4
759,980,2026-02-11 00:00:00,,Low,Billing,
760,2165,2026-04-12 00:00:00,2026-04-20 05:00:00,High,Integration Issue,3
761,1044,2026-04-21 00:00:00,2026-04-25 05:00:00,Low,Integration Issue,4
762,1044,2026-03-19 00:00:00,2026-03-19 16:00:00,Low,Billing,3
763,1512,2026-06-01 00:00:00,2026-06-02 06:00:00,Urgent,Bug Report,4
764,611,2025-10-07 00:00:00,2025-10-09 23:00:00,Medium,Account Access,4
765,611,2026-06-06 00:00:00,2026-06-10 05:00:00,High,Onboarding Help,4
766,611,2025-12-28 00:00:00,,Medium,Account Access,
767,276,2024-03-11 00:00:00,2024-03-18 23:00:00,High,Bug Report,5
768,410,2025-06-05 00:00:00,2025-06-10 16:00:00,Medium,Onboarding Help,4
769,410,2025-02-23 00:00:00,2025-02-27 18:00:00,Medium,Integration Issue,4
770,410,2025-09-07 00:00:00,,Urgent,Billing,
771,2084,2025-11-20 00:00:00,2025-11-29 13:00:00,High,Account Access,4
772,613,2026-04-05 00:00:00,2026-04-10 23:00:00,Low,Bug Report,4
773,613,2026-01-27 00:00:00,2026-02-01 17:00:00,Low,Account Access,5
774,613,2026-03-05 00:00:00,,Urgent,Bug Report,
775,1912,2025-07-10 00:00:00,2025-07-13 11:00:00,High,Onboarding Help,5
776,451,2026-06-26 00:00:00,2026-06-26 06:00:00,Medium,Integration Issue,4
777,10,2025-09-23 00:00:00,2025-10-01 11:00:00,High,Billing,5
778,10,2025-09-30 00:00:00,2025-10-02 21:00:00,Medium,Onboarding Help,3
779,10,2025-07-01 00:00:00,2025-07-09 15:00:00,Low,Feature Request,2
780,1004,2026-05-01 00:00:00,2026-05-07 10:00:00,Low,Bug Report,5
781,953,2025-04-05 00:00:00,,Low,Integration Issue,
782,953,2024-05-29 00:00:00,,Medium,Onboarding Help,
783,1537,2025-01-29 00:00:00,2025-01-30 08:00:00,Low,Account Access,2
784,1537,2025-01-01 00:00:00,2025-01-10 03:00:00,Medium,Account Access,5
785,1160,2026-02-01 00:00:00,2026-02-08 07:00:00,High,Billing,5
786,1160,2026-04-22 00:00:00,2026-04-26 15:00:00,Medium,Bug Report,3
787,1836,2026-06-14 00:00:00,,Medium,Bug Report,
788,1836,2026-06-10 00:00:00,2026-06-17 00:00:00,Medium,Feature Request,4
789,1836,2026-05-14 00:00:00,2026-05-21 07:00:00,Medium,Onboarding Help,5
790,1836,2026-06-14 00:00:00,2026-06-22 02:00:00,High,Account Access,4
791,1896,2026-05-30 00:00:00,2026-06-08 11:00:00,Medium,Bug Report,4
792,1862,2024-11-09 00:00:00,2024-11-13 04:00:00,High,Billing,3
793,2025,2025-03-20 00:00:00,2025-03-25 07:00:00,Low,Feature Request,5
794,2025,2025-10-22 00:00:00,2025-10-27 21:00:00,High,Integration Issue,4
795,2025,2026-05-27 00:00:00,,Low,Integration Issue,
796,568,2026-06-23 00:00:00,2026-06-23 17:00:00,Low,Billing,5
797,568,2026-03-13 00:00:00,2026-03-13 15:00:00,Medium,Integration Issue,4
798,1883,2026-06-14 00:00:00,,Urgent,Feature Request,
799,1883,2026-04-29 00:00:00,2026-05-05 11:00:00,Low,Integration Issue,3
800,1883,2025-10-02 00:00:00,2025-10-08 11:00:00,High,Integration Issue,4
801,1883,2026-02-24 00:00:00,2026-03-03 23:00:00,Medium,Bug Report,4
802,1475,2024-03-02 00:00:00,2024-03-02 09:00:00,Medium,Account Access,5
803,1286,2024-10-16 00:00:00,,Medium,Onboarding Help,
804,1047,2026-05-11 00:00:00,,Medium,Billing,
805,1047,2026-04-29 00:00:00,2026-05-07 09:00:00,Medium,Feature Request,3
806,1047,2026-05-11 00:00:00,2026-05-12 13:00:00,High,Integration Issue,3
807,1501,2026-05-26 00:00:00,,Low,Bug Report,
808,1501,2025-11-23 00:00:00,2025-11-24 05:00:00,Low,Bug Report,5
809,1501,2025-12-05 00:00:00,2025-12-10 21:00:00,Medium,Integration Issue,5
810,1501,2025-12-26 00:00:00,2025-12-31 22:00:00,Medium,Account Access,5
811,2158,2025-09-06 00:00:00,,Low,Account Access,
812,1652,2026-05-05 00:00:00,,High,Account Access,
813,1325,2024-05-30 00:00:00,2024-06-06 20:00:00,Medium,Integration Issue,5
814,1325,2026-05-15 00:00:00,2026-05-24 00:00:00,High,Account Access,4
815,1301,2025-12-24 00:00:00,2025-12-24 12:00:00,Medium,Account Access,5
816,1887,2026-01-08 00:00:00,2026-01-13 20:00:00,Low,Account Access,2
817,1900,2026-05-14 00:00:00,2026-05-23 22:00:00,Medium,Account Access,3
818,722,2026-03-09 00:00:00,,Low,Onboarding Help,
819,722,2025-09-24 00:00:00,2025-10-01 13:00:00,Urgent,Feature Request,3
820,1709,2026-04-30 00:00:00,2026-05-01 05:00:00,Urgent,Account Access,4
821,1709,2026-05-14 00:00:00,2026-05-19 00:00:00,High,Bug Report,2
822,1125,2026-05-12 00:00:00,,Low,Integration Issue,
823,1125,2024-08-09 00:00:00,,High,Onboarding Help,
824,1237,2026-02-16 00:00:00,2026-02-17 18:00:00,Low,Bug Report,5
825,1237,2026-03-12 00:00:00,2026-03-12 07:00:00,High,Bug Report,4
826,1237,2025-08-14 00:00:00,2025-08-15 16:00:00,Medium,Integration Issue,5
827,264,2026-05-24 00:00:00,2026-05-26 04:00:00,Medium,Account Access,5
828,2118,2025-04-18 00:00:00,2025-04-18 04:00:00,Medium,Bug Report,2
829,398,2025-11-27 00:00:00,2025-12-03 06:00:00,Medium,Billing,3
830,1677,2026-06-11 00:00:00,,Urgent,Feature Request,
831,1677,2026-03-25 00:00:00,2026-03-30 13:00:00,Medium,Onboarding Help,5
832,1249,2024-09-06 00:00:00,2024-09-10 00:00:00,High,Feature Request,3
833,1249,2026-03-09 00:00:00,2026-03-16 23:00:00,High,Account Access,3
834,1249,2025-07-09 00:00:00,2025-07-16 01:00:00,Low,Integration Issue,4
835,1249,2025-08-04 00:00:00,,High,Account Access,
836,372,2026-01-28 00:00:00,2026-01-29 14:00:00,Low,Billing,4
837,1131,2025-08-02 00:00:00,2025-08-06 20:00:00,Medium,Account Access,3
838,1811,2026-04-03 00:00:00,2026-04-08 22:00:00,High,Account Access,4
839,133,2026-04-15 00:00:00,,Low,Integration Issue,
840,133,2026-05-27 00:00:00,2026-06-05 05:00:00,Medium,Billing,3
841,1280,2026-06-11 00:00:00,2026-06-18 08:00:00,Medium,Account Access,4
842,766,2025-05-31 00:00:00,,Low,Bug Report,
843,1982,2026-02-13 00:00:00,2026-02-15 16:00:00,High,Onboarding Help,4
844,1432,2026-01-13 00:00:00,,Low,Onboarding Help,
845,359,2026-05-24 00:00:00,2026-05-28 05:00:00,Low,Billing,1
846,359,2025-07-29 00:00:00,2025-08-02 21:00:00,Low,Bug Report,5
847,359,2026-02-07 00:00:00,2026-02-14 09:00:00,Medium,Feature Request,3
848,359,2025-06-24 00:00:00,2025-06-30 08:00:00,High,Billing,3
849,79,2026-01-01 00:00:00,,Low,Bug Report,
850,79,2026-03-23 00:00:00,2026-03-23 21:00:00,Urgent,Bug Report,2
851,1266,2025-06-25 00:00:00,2025-06-26 00:00:00,Medium,Bug Report,3
852,1266,2025-01-05 00:00:00,2025-01-06 10:00:00,Medium,Account Access,5
853,1266,2024-02-28 00:00:00,,High,Feature Request,
854,518,2026-04-23 00:00:00,2026-04-29 12:00:00,Low,Feature Request,5
855,2002,2025-09-09 00:00:00,2025-09-16 20:00:00,Low,Account Access,5
856,1452,2025-12-10 00:00:00,2025-12-17 01:00:00,Low,Bug Report,1
857,604,2024-09-02 00:00:00,,Medium,Feature Request,
858,524,2026-05-31 00:00:00,2026-06-05 23:00:00,Low,Integration Issue,5
859,524,2026-06-21 00:00:00,2026-06-24 22:00:00,Low,Feature Request,5
860,1784,2026-05-06 00:00:00,,Medium,Feature Request,
861,1784,2026-06-26 00:00:00,2026-06-29 00:00:00,Medium,Onboarding Help,3
862,1414,2026-06-06 00:00:00,2026-06-12 09:00:00,Low,Onboarding Help,2
863,1414,2025-06-29 00:00:00,2025-07-07 12:00:00,Medium,Billing,3
864,1414,2025-08-26 00:00:00,2025-08-29 14:00:00,High,Billing,5
865,452,2026-01-16 00:00:00,2026-01-24 04:00:00,Low,Bug Report,5
866,1137,2026-06-07 00:00:00,2026-06-12 08:00:00,Low,Integration Issue,4
867,1137,2024-09-12 00:00:00,2024-09-13 12:00:00,High,Onboarding Help,3
868,1334,2026-03-17 00:00:00,2026-03-24 22:00:00,Low,Onboarding Help,5
869,887,2026-05-21 00:00:00,2026-05-29 05:00:00,High,Bug Report,5
870,1079,2026-05-31 00:00:00,2026-06-03 06:00:00,Medium,Account Access,1
871,1589,2026-04-21 00:00:00,,Low,Integration Issue,
872,1302,2025-06-17 00:00:00,2025-06-21 02:00:00,Medium,Integration Issue,3
873,1942,2025-09-09 00:00:00,2025-09-11 22:00:00,Medium,Bug Report,4
874,1148,2026-06-17 00:00:00,,High,Account Access,
875,1148,2026-02-09 00:00:00,,Medium,Account Access,
876,1148,2025-11-18 00:00:00,,Low,Bug Report,
877,478,2025-09-27 00:00:00,,Medium,Account Access,
878,652,2026-05-26 00:00:00,2026-06-02 09:00:00,Medium,Bug Report,3
879,311,2025-10-11 00:00:00,2025-10-13 09:00:00,Medium,Feature Request,5
880,1857,2026-06-14 00:00:00,2026-06-23 11:00:00,High,Account Access,5
881,1353,2026-06-23 00:00:00,2026-06-27 16:00:00,Medium,Account Access,4
882,1353,2026-06-19 00:00:00,2026-06-22 18:00:00,Low,Onboarding Help,5
883,71,2026-04-23 00:00:00,,Medium,Bug Report,
884,71,2026-05-05 00:00:00,2026-05-11 20:00:00,Urgent,Account Access,5
885,1087,2026-04-22 00:00:00,2026-04-30 10:00:00,Urgent,Account Access,5
886,1033,2026-02-23 00:00:00,2026-02-26 10:00:00,Medium,Onboarding Help,3
887,1033,2025-07-18 00:00:00,2025-07-27 16:00:00,High,Billing,5
888,942,2026-05-02 00:00:00,2026-05-06 19:00:00,Medium,Account Access,5
889,1913,2024-11-26 00:00:00,,Medium,Feature Request,
890,1913,2025-06-09 00:00:00,2025-06-17 08:00:00,High,Account Access,5
891,80,2025-07-17 00:00:00,2025-07-17 05:00:00,Low,Account Access,4
892,80,2025-04-22 00:00:00,2025-04-28 11:00:00,Medium,Integration Issue,5
893,1966,2024-11-02 00:00:00,2024-11-06 21:00:00,Low,Feature Request,4
894,1966,2025-08-28 00:00:00,,Low,Bug Report,
895,1966,2025-04-10 00:00:00,2025-04-15 03:00:00,Urgent,Integration Issue,4
896,1966,2025-09-10 00:00:00,2025-09-14 04:00:00,Low,Onboarding Help,4
897,177,2025-05-19 00:00:00,,Low,Onboarding Help,
898,1318,2026-03-14 00:00:00,2026-03-16 07:00:00,High,Onboarding Help,3
899,627,2025-08-02 00:00:00,2025-08-08 00:00:00,Medium,Integration Issue,5
900,1396,2026-03-19 00:00:00,2026-03-20 04:00:00,Medium,Account Access,5
901,911,2025-06-11 00:00:00,2025-06-18 14:00:00,Medium,Onboarding Help,3
902,911,2025-12-21 00:00:00,2025-12-29 06:00:00,Medium,Feature Request,5
903,911,2025-07-30 00:00:00,2025-08-01 01:00:00,High,Onboarding Help,5
904,1009,2025-02-17 00:00:00,2025-02-18 18:00:00,High,Billing,4
905,1086,2026-01-28 00:00:00,2026-01-31 09:00:00,Low,Bug Report,1
906,1269,2026-06-14 00:00:00,,Low,Feature Request,
907,1269,2026-06-25 00:00:00,,High,Billing,
908,874,2026-03-28 00:00:00,2026-03-28 13:00:00,High,Billing,5
909,1123,2025-12-16 00:00:00,,Low,Feature Request,
910,1743,2026-02-22 00:00:00,2026-03-03 23:00:00,Medium,Billing,5
911,1743,2026-04-26 00:00:00,2026-04-28 11:00:00,Urgent,Feature Request,2
912,1743,2026-02-24 00:00:00,,Urgent,Billing,
913,1743,2026-05-10 00:00:00,,High,Account Access,
914,207,2025-09-08 00:00:00,2025-09-09 17:00:00,Low,Account Access,5
915,496,2026-03-19 00:00:00,2026-03-26 22:00:00,Medium,Integration Issue,5
916,496,2026-03-04 00:00:00,2026-03-11 15:00:00,Low,Billing,5
917,496,2026-05-04 00:00:00,2026-05-11 20:00:00,High,Billing,4
918,496,2025-11-07 00:00:00,2025-11-15 10:00:00,Medium,Integration Issue,5
919,33,2025-12-18 00:00:00,2025-12-20 19:00:00,Medium,Onboarding Help,4
920,908,2026-06-03 00:00:00,2026-06-07 20:00:00,High,Onboarding Help,4
921,908,2026-02-06 00:00:00,2026-02-14 05:00:00,High,Bug Report,4
922,1628,2026-05-17 00:00:00,2026-05-20 09:00:00,Medium,Onboarding Help,4
923,653,2026-06-07 00:00:00,2026-06-12 00:00:00,Low,Bug Report,4
924,2187,2025-05-10 00:00:00,2025-05-12 13:00:00,Low,Account Access,2
925,2187,2025-08-06 00:00:00,2025-08-07 09:00:00,High,Account Access,2
926,2187,2025-07-16 00:00:00,2025-07-17 16:00:00,Medium,Bug Report,4
927,2187,2024-11-03 00:00:00,2024-11-09 11:00:00,Medium,Onboarding Help,3
928,1814,2025-10-08 00:00:00,2025-10-12 10:00:00,Medium,Feature Request,5
929,231,2025-03-11 00:00:00,2025-03-11 12:00:00,Medium,Bug Report,4
930,231,2025-03-02 00:00:00,2025-03-03 00:00:00,Low,Billing,2
931,231,2026-04-24 00:00:00,2026-04-25 22:00:00,High,Onboarding Help,4
932,231,2026-05-07 00:00:00,2026-05-11 13:00:00,Medium,Feature Request,1
933,2069,2026-06-06 00:00:00,2026-06-12 09:00:00,Low,Feature Request,5
934,808,2026-05-10 00:00:00,2026-05-16 06:00:00,Medium,Integration Issue,4
935,1190,2026-06-27 00:00:00,,Medium,Account Access,
936,1190,2026-05-16 00:00:00,2026-05-17 06:00:00,Urgent,Onboarding Help,2
937,1190,2026-05-14 00:00:00,2026-05-19 21:00:00,Low,Feature Request,4
938,1190,2026-06-25 00:00:00,2026-06-30 00:00:00,Low,Account Access,3
939,1981,2026-04-19 00:00:00,2026-04-22 06:00:00,Low,Bug Report,2
940,180,2024-09-22 00:00:00,2024-10-01 06:00:00,Low,Integration Issue,4
941,180,2025-01-24 00:00:00,2025-01-29 19:00:00,Low,Onboarding Help,5
942,438,2026-06-14 00:00:00,2026-06-22 06:00:00,Medium,Account Access,5
943,1467,2025-07-20 00:00:00,2025-07-21 06:00:00,Medium,Billing,4
944,1467,2026-05-23 00:00:00,2026-05-30 02:00:00,High,Feature Request,5
945,1467,2025-09-17 00:00:00,2025-09-23 17:00:00,Medium,Bug Report,4
946,831,2025-08-26 00:00:00,2025-08-29 00:00:00,Medium,Bug Report,3
947,1699,2025-03-02 00:00:00,,Medium,Integration Issue,
948,433,2026-06-25 00:00:00,2026-06-25 05:00:00,Low,Feature Request,5
949,1233,2025-05-19 00:00:00,,Low,Feature Request,
950,1233,2026-03-09 00:00:00,2026-03-14 12:00:00,Low,Integration Issue,5
951,1367,2026-06-28 00:00:00,,High,Onboarding Help,
952,1367,2025-06-26 00:00:00,2025-06-29 02:00:00,Medium,Feature Request,4
953,1928,2026-06-21 00:00:00,,Urgent,Integration Issue,
954,1187,2026-03-19 00:00:00,2026-03-27 13:00:00,High,Billing,4
955,1366,2026-05-09 00:00:00,,Medium,Onboarding Help,
956,656,2026-04-01 00:00:00,2026-04-02 23:00:00,High,Onboarding Help,5
957,447,2026-03-10 00:00:00,2026-03-15 06:00:00,Medium,Integration Issue,5
958,447,2026-03-21 00:00:00,2026-03-30 15:00:00,Urgent,Account Access,4
959,2151,2025-02-07 00:00:00,2025-02-11 06:00:00,High,Bug Report,2
960,324,2026-06-29 00:00:00,,Medium,Billing,
961,2163,2025-06-04 00:00:00,,Medium,Billing,
962,1051,2025-01-06 00:00:00,2025-01-13 02:00:00,High,Account Access,4
963,1051,2025-12-17 00:00:00,2025-12-26 09:00:00,Medium,Integration Issue,5
964,309,2026-01-31 00:00:00,2026-02-06 13:00:00,High,Onboarding Help,4
965,850,2024-07-04 00:00:00,2024-07-07 00:00:00,Urgent,Feature Request,1
966,1394,2025-12-14 00:00:00,2025-12-16 00:00:00,Medium,Onboarding Help,4
967,331,2024-10-08 00:00:00,2024-10-12 02:00:00,Medium,Bug Report,4
968,1991,2025-08-25 00:00:00,2025-08-30 08:00:00,Medium,Account Access,5
969,460,2025-06-07 00:00:00,,Medium,Integration Issue,
970,1932,2026-05-16 00:00:00,2026-05-22 23:00:00,High,Bug Report,4
971,2051,2026-06-27 00:00:00,,Low,Feature Request,
972,2051,2026-03-02 00:00:00,2026-03-05 09:00:00,Low,Feature Request,4
973,950,2026-06-23 00:00:00,2026-06-29 18:00:00,Medium,Integration Issue,3
974,86,2026-02-26 00:00:00,2026-03-03 19:00:00,High,Feature Request,4
975,1080,2025-05-20 00:00:00,2025-05-22 10:00:00,Low,Onboarding Help,5
976,1080,2025-08-23 00:00:00,2025-08-30 04:00:00,Medium,Onboarding Help,5
977,784,2026-03-03 00:00:00,2026-03-05 07:00:00,Medium,Feature Request,5
978,784,2026-04-06 00:00:00,2026-04-11 19:00:00,Medium,Account Access,4
979,784,2026-05-15 00:00:00,2026-05-20 00:00:00,Medium,Onboarding Help,4
980,784,2026-06-11 00:00:00,2026-06-19 05:00:00,High,Onboarding Help,5
981,986,2026-04-01 00:00:00,2026-04-03 10:00:00,Low,Integration Issue,4
982,986,2026-05-12 00:00:00,2026-05-15 23:00:00,Low,Integration Issue,4
983,1441,2026-06-11 00:00:00,2026-06-13 23:00:00,High,Integration Issue,4
984,1861,2026-04-07 00:00:00,,High,Integration Issue,
985,302,2025-09-10 00:00:00,2025-09-15 17:00:00,Low,Feature Request,4
986,302,2025-10-02 00:00:00,2025-10-08 15:00:00,Low,Integration Issue,5
987,302,2026-05-22 00:00:00,2026-05-25 10:00:00,Low,Billing,5
988,302,2025-06-16 00:00:00,2025-06-19 03:00:00,Urgent,Feature Request,3
989,910,2025-04-19 00:00:00,2025-04-27 01:00:00,Low,Feature Request,4
990,910,2024-10-28 00:00:00,2024-10-28 21:00:00,Low,Bug Report,1
991,910,2025-08-11 00:00:00,2025-08-16 12:00:00,Urgent,Integration Issue,4
992,1176,2026-05-02 00:00:00,2026-05-06 01:00:00,Low,Bug Report,4
993,1176,2025-11-20 00:00:00,2025-11-22 00:00:00,Low,Feature Request,4
994,1176,2026-01-05 00:00:00,,Medium,Onboarding Help,
995,268,2026-05-29 00:00:00,2026-06-07 01:00:00,Low,Integration Issue,4
996,268,2026-06-20 00:00:00,2026-06-26 14:00:00,Low,Bug Report,5
997,1384,2024-09-06 00:00:00,2024-09-06 21:00:00,High,Feature Request,5
998,1436,2025-12-14 00:00:00,2025-12-23 13:00:00,Low,Onboarding Help,5
999,1436,2026-04-27 00:00:00,2026-05-01 08:00:00,High,Bug Report,2
1000,1553,2025-08-17 00:00:00,2025-08-25 10:00:00,Low,Bug Report,5
1001,461,2025-10-07 00:00:00,2025-10-10 16:00:00,Medium,Bug Report,4
1002,1705,2026-04-28 00:00:00,2026-05-07 04:00:00,High,Billing,2
1003,1705,2026-03-12 00:00:00,2026-03-15 17:00:00,Low,Account Access,2
1004,277,2026-04-21 00:00:00,2026-04-22 09:00:00,Medium,Feature Request,3
1005,1580,2025-12-11 00:00:00,2025-12-20 13:00:00,Low,Feature Request,1
1006,1078,2026-04-12 00:00:00,2026-04-21 22:00:00,Medium,Billing,5
1007,1078,2026-05-11 00:00:00,,Low,Feature Request,
1008,1078,2026-04-01 00:00:00,2026-04-08 12:00:00,High,Integration Issue,3
1009,1399,2026-05-25 00:00:00,2026-05-26 10:00:00,High,Onboarding Help,5
1010,1570,2025-02-19 00:00:00,2025-02-23 14:00:00,Medium,Integration Issue,5
1011,1412,2024-07-29 00:00:00,2024-07-29 18:00:00,Medium,Billing,3
1012,1412,2025-10-22 00:00:00,,Medium,Account Access,
1013,1412,2026-04-30 00:00:00,2026-05-08 00:00:00,Medium,Bug Report,5
1014,1412,2026-05-31 00:00:00,2026-06-08 17:00:00,Medium,Onboarding Help,5
1015,281,2025-09-25 00:00:00,2025-09-25 15:00:00,Medium,Onboarding Help,3
1016,31,2026-02-01 00:00:00,2026-02-03 14:00:00,Medium,Bug Report,3
1017,1685,2025-11-20 00:00:00,2025-11-26 15:00:00,Low,Onboarding Help,4
1018,1685,2025-10-16 00:00:00,2025-10-22 12:00:00,Urgent,Integration Issue,2
1019,1685,2026-04-29 00:00:00,2026-05-06 13:00:00,Urgent,Onboarding Help,5
1020,1685,2026-01-09 00:00:00,2026-01-11 16:00:00,Medium,Billing,4
1021,706,2025-05-24 00:00:00,2025-06-02 05:00:00,Medium,Billing,5
1022,706,2025-01-13 00:00:00,2025-01-16 23:00:00,Medium,Billing,3
1023,2183,2025-06-17 00:00:00,2025-06-26 05:00:00,High,Integration Issue,5
1024,2183,2026-03-24 00:00:00,2026-03-25 02:00:00,Low,Feature Request,2
1025,1944,2026-01-03 00:00:00,2026-01-11 14:00:00,Urgent,Account Access,3
1026,1944,2026-05-29 00:00:00,2026-05-30 13:00:00,Low,Feature Request,3
1027,1944,2026-02-05 00:00:00,2026-02-07 16:00:00,Medium,Billing,3
1028,1944,2026-02-25 00:00:00,,High,Billing,
1029,1215,2026-06-13 00:00:00,,Urgent,Billing,
1030,1651,2025-02-01 00:00:00,2025-02-10 02:00:00,Low,Account Access,4
1031,1651,2026-06-24 00:00:00,2026-06-29 18:00:00,Medium,Integration Issue,5
1032,367,2025-12-05 00:00:00,2025-12-10 07:00:00,Low,Bug Report,4
1033,233,2026-06-09 00:00:00,2026-06-14 09:00:00,High,Feature Request,4
1034,254,2026-06-20 00:00:00,2026-06-24 17:00:00,High,Bug Report,3
1035,1968,2025-10-01 00:00:00,2025-10-02 05:00:00,Low,Feature Request,5
1036,1968,2025-09-03 00:00:00,,High,Bug Report,
1037,1968,2025-11-02 00:00:00,,Urgent,Billing,
1038,126,2025-07-27 00:00:00,2025-08-06 00:00:00,Low,Bug Report,4
1039,126,2026-03-10 00:00:00,2026-03-19 16:00:00,Urgent,Feature Request,3
1040,126,2026-02-04 00:00:00,2026-02-10 01:00:00,Low,Onboarding Help,2
1041,126,2025-02-22 00:00:00,,Low,Integration Issue,
1042,87,2026-04-08 00:00:00,2026-04-14 18:00:00,Medium,Account Access,4
1043,87,2026-03-11 00:00:00,2026-03-19 15:00:00,Medium,Feature Request,1
1044,842,2025-12-08 00:00:00,2025-12-08 14:00:00,High,Bug Report,3
1045,842,2025-04-02 00:00:00,2025-04-11 17:00:00,Low,Feature Request,5
1046,1143,2025-09-03 00:00:00,2025-09-09 02:00:00,High,Onboarding Help,4
1047,636,2025-08-13 00:00:00,,Urgent,Feature Request,
1048,838,2026-05-16 00:00:00,2026-05-16 04:00:00,Medium,Feature Request,4
1049,838,2025-11-27 00:00:00,2025-11-28 09:00:00,Medium,Integration Issue,5
1050,51,2026-06-14 00:00:00,2026-06-16 21:00:00,High,Bug Report,5
1051,51,2026-06-29 00:00:00,,Urgent,Feature Request,
1052,51,2026-06-08 00:00:00,2026-06-08 21:00:00,Low,Onboarding Help,3
1053,96,2026-01-26 00:00:00,2026-02-02 01:00:00,Medium,Onboarding Help,4
1054,1789,2025-10-06 00:00:00,2025-10-10 22:00:00,Urgent,Account Access,3
1055,1697,2025-04-25 00:00:00,2025-04-27 14:00:00,Low,Onboarding Help,5
1056,1724,2026-05-22 00:00:00,,Medium,Billing,
1057,1724,2026-05-15 00:00:00,2026-05-19 04:00:00,Low,Integration Issue,5
1058,1724,2024-10-19 00:00:00,2024-10-28 22:00:00,Medium,Integration Issue,2
1059,1724,2024-04-03 00:00:00,2024-04-11 05:00:00,Medium,Integration Issue,4
1060,434,2025-07-11 00:00:00,,Medium,Onboarding Help,
1061,959,2025-11-08 00:00:00,2025-11-13 08:00:00,Urgent,Account Access,5
1062,959,2026-02-24 00:00:00,2026-03-03 16:00:00,High,Bug Report,4
1063,959,2026-05-03 00:00:00,2026-05-13 00:00:00,Urgent,Integration Issue,4
1064,1832,2025-03-05 00:00:00,2025-03-06 01:00:00,High,Account Access,5
1065,1832,2025-12-03 00:00:00,2025-12-07 05:00:00,Low,Feature Request,3
1066,1969,2026-01-01 00:00:00,2026-01-06 04:00:00,Low,Account Access,3
1067,1621,2026-01-30 00:00:00,,Medium,Feature Request,
1068,1212,2026-06-22 00:00:00,,Urgent,Bug Report,
1069,2057,2024-11-12 00:00:00,2024-11-12 11:00:00,Medium,Onboarding Help,4
1070,2042,2026-05-26 00:00:00,2026-06-04 16:00:00,Medium,Account Access,5
1071,2042,2026-04-29 00:00:00,2026-05-06 08:00:00,High,Integration Issue,5
1072,2042,2026-05-31 00:00:00,2026-06-02 19:00:00,Medium,Feature Request,3
1073,2042,2026-05-19 00:00:00,2026-05-28 09:00:00,Low,Feature Request,5
1074,735,2026-04-23 00:00:00,2026-04-29 08:00:00,High,Bug Report,4
1075,735,2025-11-14 00:00:00,2025-11-23 10:00:00,Medium,Integration Issue,5
1076,735,2026-02-02 00:00:00,2026-02-05 11:00:00,Medium,Account Access,3
1077,1616,2025-06-05 00:00:00,2025-06-13 00:00:00,Medium,Account Access,5
1078,1616,2024-08-05 00:00:00,2024-08-08 05:00:00,High,Bug Report,4
1079,1816,2026-04-04 00:00:00,2026-04-07 08:00:00,Low,Account Access,4
1080,1816,2026-05-28 00:00:00,2026-06-04 02:00:00,High,Account Access,5
1081,282,2025-12-08 00:00:00,2025-12-08 02:00:00,High,Account Access,4
1082,1879,2026-03-29 00:00:00,2026-04-05 13:00:00,High,Feature Request,4
1083,1268,2024-12-19 00:00:00,,Medium,Account Access,
1084,1268,2025-01-08 00:00:00,2025-01-17 22:00:00,Low,Feature Request,4
1085,1058,2025-11-20 00:00:00,2025-11-23 14:00:00,Medium,Feature Request,5
1086,1690,2025-09-19 00:00:00,2025-09-19 12:00:00,Low,Feature Request,4
1087,1577,2024-09-30 00:00:00,2024-10-01 21:00:00,Low,Onboarding Help,4
1088,1577,2025-05-12 00:00:00,2025-05-14 19:00:00,Medium,Billing,5
1089,149,2025-02-17 00:00:00,2025-02-26 23:00:00,High,Bug Report,3
1090,161,2025-03-29 00:00:00,2025-03-31 13:00:00,Low,Integration Issue,4
1091,161,2024-04-09 00:00:00,2024-04-16 12:00:00,Low,Integration Issue,4
1092,418,2025-11-10 00:00:00,2025-11-14 13:00:00,Medium,Bug Report,3
1093,1799,2026-02-04 00:00:00,,Medium,Onboarding Help,
1094,1714,2026-03-30 00:00:00,2026-04-05 14:00:00,Urgent,Account Access,5
1095,1118,2026-02-11 00:00:00,2026-02-15 23:00:00,Medium,Billing,4
1096,1118,2025-08-03 00:00:00,2025-08-03 04:00:00,Low,Account Access,5
1097,1118,2025-11-30 00:00:00,2025-12-08 04:00:00,Low,Integration Issue,4
1098,1118,2025-10-22 00:00:00,2025-10-30 20:00:00,Low,Onboarding Help,5
1099,982,2025-10-16 00:00:00,2025-10-19 02:00:00,High,Billing,4
1100,982,2026-06-03 00:00:00,2026-06-03 04:00:00,Low,Billing,3
1101,982,2026-02-11 00:00:00,2026-02-16 16:00:00,Low,Onboarding Help,5
1102,428,2026-04-12 00:00:00,,Low,Account Access,
1103,1518,2025-09-26 00:00:00,,High,Integration Issue,
1104,1518,2026-05-23 00:00:00,2026-05-26 20:00:00,Medium,Onboarding Help,4
1105,1518,2025-10-08 00:00:00,2025-10-11 17:00:00,High,Billing,4
1106,118,2025-12-13 00:00:00,2025-12-22 03:00:00,Medium,Integration Issue,4
1107,1409,2025-08-13 00:00:00,2025-08-22 08:00:00,Urgent,Billing,5
1108,799,2026-04-07 00:00:00,2026-04-08 21:00:00,Low,Account Access,5
1109,799,2024-08-27 00:00:00,2024-09-03 18:00:00,Medium,Onboarding Help,3
1110,131,2026-06-17 00:00:00,,Low,Billing,
1111,131,2025-04-15 00:00:00,2025-04-22 17:00:00,Low,Account Access,5
1112,1027,2024-04-03 00:00:00,2024-04-13 00:00:00,Low,Integration Issue,3
1113,1011,2025-09-10 00:00:00,2025-09-17 09:00:00,Low,Account Access,5
1114,1011,2025-08-04 00:00:00,2025-08-06 17:00:00,High,Integration Issue,4
1115,1926,2026-02-04 00:00:00,2026-02-10 03:00:00,Low,Account Access,3
1116,1926,2025-10-09 00:00:00,2025-10-10 09:00:00,Low,Feature Request,3
1117,342,2026-06-07 00:00:00,,High,Integration Issue,
1118,465,2026-06-29 00:00:00,,Low,Billing,
1119,2134,2026-02-11 00:00:00,2026-02-15 05:00:00,Medium,Bug Report,2
1120,2134,2026-05-20 00:00:00,,Low,Account Access,
1121,413,2026-02-24 00:00:00,2026-03-02 03:00:00,High,Billing,3
1122,252,2026-06-17 00:00:00,2026-06-22 01:00:00,Medium,Onboarding Help,5
1123,252,2026-05-30 00:00:00,2026-06-06 09:00:00,Low,Onboarding Help,3
1124,1468,2025-02-13 00:00:00,2025-02-13 21:00:00,Low,Feature Request,4
1125,631,2025-06-01 00:00:00,2025-06-09 08:00:00,Medium,Feature Request,2
1126,882,2026-01-15 00:00:00,2026-01-18 16:00:00,High,Billing,5
1127,882,2025-05-11 00:00:00,2025-05-14 00:00:00,Medium,Feature Request,4
1128,765,2025-10-02 00:00:00,2025-10-06 18:00:00,Urgent,Integration Issue,1
1129,1275,2026-06-28 00:00:00,,Low,Feature Request,
1130,1275,2026-06-25 00:00:00,,Medium,Integration Issue,
1131,1275,2026-06-18 00:00:00,2026-06-21 19:00:00,Medium,Feature Request,3
1132,570,2026-06-02 00:00:00,,Medium,Integration Issue,
1133,570,2026-06-23 00:00:00,2026-06-23 23:00:00,Medium,Billing,5
1134,1061,2025-08-05 00:00:00,2025-08-06 20:00:00,High,Bug Report,5
1135,1061,2024-09-03 00:00:00,2024-09-12 06:00:00,Medium,Onboarding Help,2
1136,1061,2024-10-23 00:00:00,2024-10-30 03:00:00,Low,Account Access,4
1137,1202,2026-06-21 00:00:00,2026-06-23 06:00:00,Medium,Account Access,4
1138,55,2024-08-25 00:00:00,2024-09-02 09:00:00,Medium,Feature Request,5
1139,55,2024-08-02 00:00:00,,Urgent,Onboarding Help,
1140,55,2026-01-26 00:00:00,2026-02-01 10:00:00,High,Bug Report,5
1141,574,2026-05-05 00:00:00,2026-05-06 16:00:00,Low,Integration Issue,5
1142,1744,2025-05-29 00:00:00,2025-06-05 10:00:00,Low,Billing,5
1143,152,2026-01-30 00:00:00,2026-02-01 14:00:00,Low,Account Access,4
1144,152,2025-09-05 00:00:00,2025-09-05 20:00:00,Medium,Billing,5
1145,921,2025-06-08 00:00:00,2025-06-17 01:00:00,Low,Account Access,4
1146,857,2024-07-04 00:00:00,2024-07-09 06:00:00,Low,Account Access,4
1147,857,2024-09-13 00:00:00,2024-09-22 04:00:00,Medium,Bug Report,4
1148,740,2024-11-27 00:00:00,2024-11-30 19:00:00,Urgent,Onboarding Help,4
1149,472,2025-07-10 00:00:00,2025-07-16 19:00:00,Medium,Billing,2
1150,590,2025-12-29 00:00:00,2026-01-05 19:00:00,Medium,Feature Request,5
1151,332,2026-03-14 00:00:00,2026-03-14 07:00:00,High,Onboarding Help,4
1152,332,2025-09-23 00:00:00,2025-09-29 21:00:00,Urgent,Onboarding Help,3
1153,783,2026-05-20 00:00:00,2026-05-22 21:00:00,Low,Billing,1
1154,1573,2026-06-03 00:00:00,2026-06-12 21:00:00,Urgent,Feature Request,2
1155,1805,2026-06-28 00:00:00,,Low,Feature Request,
1156,2179,2025-01-04 00:00:00,2025-01-12 04:00:00,Low,Account Access,5
1157,2179,2025-06-29 00:00:00,2025-06-30 08:00:00,High,Feature Request,5
1158,2197,2026-06-16 00:00:00,2026-06-19 13:00:00,Medium,Onboarding Help,4
1159,2197,2025-04-20 00:00:00,2025-04-26 20:00:00,Low,Integration Issue,3
1160,1752,2025-11-08 00:00:00,2025-11-13 16:00:00,High,Account Access,5
1161,1752,2026-05-02 00:00:00,2026-05-02 22:00:00,Urgent,Billing,2
1162,1752,2026-02-28 00:00:00,2026-03-03 02:00:00,Low,Billing,5
1163,1752,2026-05-06 00:00:00,2026-05-12 01:00:00,Low,Account Access,5
1164,1321,2024-10-13 00:00:00,2024-10-19 17:00:00,Low,Integration Issue,1
1165,1321,2025-01-07 00:00:00,,Urgent,Billing,
1166,1321,2026-04-11 00:00:00,,Low,Integration Issue,
1167,1321,2025-03-11 00:00:00,,High,Billing,
1168,1469,2026-03-01 00:00:00,,Urgent,Feature Request,
1169,860,2026-06-29 00:00:00,,Medium,Onboarding Help,
1170,196,2025-09-20 00:00:00,,Low,Integration Issue,
1171,203,2026-04-28 00:00:00,2026-05-05 04:00:00,Medium,Bug Report,3
1172,1967,2026-03-29 00:00:00,2026-04-07 00:00:00,High,Billing,5
1173,991,2026-06-24 00:00:00,2026-06-27 07:00:00,Low,Bug Report,3
1174,1515,2025-03-24 00:00:00,2025-04-01 12:00:00,Low,Feature Request,4
1175,1416,2026-01-05 00:00:00,2026-01-12 00:00:00,Urgent,Feature Request,3
1176,1416,2026-03-16 00:00:00,2026-03-17 20:00:00,High,Bug Report,5
1177,1416,2026-03-22 00:00:00,2026-03-31 01:00:00,High,Integration Issue,4
1178,1416,2026-02-26 00:00:00,2026-03-05 11:00:00,Low,Feature Request,3
1179,1662,2024-12-29 00:00:00,,High,Billing,
1180,1662,2024-07-18 00:00:00,,Medium,Account Access,
1181,1328,2025-01-30 00:00:00,2025-02-02 09:00:00,Urgent,Bug Report,5
1182,454,2025-08-17 00:00:00,2025-08-25 17:00:00,Medium,Bug Report,4
1183,454,2024-09-11 00:00:00,2024-09-19 04:00:00,Medium,Feature Request,2
1184,2180,2025-08-13 00:00:00,2025-08-16 12:00:00,High,Integration Issue,5
1185,1180,2026-01-24 00:00:00,2026-01-28 09:00:00,Low,Feature Request,1
1186,1225,2026-06-01 00:00:00,2026-06-01 09:00:00,Medium,Billing,2
1187,1873,2025-04-23 00:00:00,,Low,Billing,
1188,1873,2024-12-18 00:00:00,2024-12-24 07:00:00,Medium,Account Access,5
1189,1700,2025-07-05 00:00:00,2025-07-11 08:00:00,Medium,Onboarding Help,3
1190,1700,2025-09-29 00:00:00,2025-10-07 16:00:00,Low,Bug Report,4
1191,1700,2025-11-28 00:00:00,2025-12-03 09:00:00,Low,Integration Issue,5
1192,2088,2026-02-05 00:00:00,2026-02-08 05:00:00,High,Billing,5
1193,2088,2025-05-31 00:00:00,2025-06-02 14:00:00,Urgent,Onboarding Help,5
1194,2088,2026-04-28 00:00:00,2026-05-06 06:00:00,Medium,Billing,3
1195,1541,2025-03-26 00:00:00,2025-03-27 22:00:00,Medium,Billing,4
1196,1541,2025-08-01 00:00:00,2025-08-06 16:00:00,Urgent,Onboarding Help,2
1197,1541,2025-05-26 00:00:00,2025-05-31 10:00:00,Low,Onboarding Help,4
1198,1541,2025-02-17 00:00:00,2025-02-18 02:00:00,High,Account Access,4
1199,1602,2025-06-08 00:00:00,,Medium,Bug Report,
1200,1602,2025-07-04 00:00:00,2025-07-07 14:00:00,High,Integration Issue,4
1201,116,2025-07-17 00:00:00,,Low,Onboarding Help,
1202,237,2026-06-21 00:00:00,2026-06-22 22:00:00,Medium,Billing,5
1203,1300,2025-09-22 00:00:00,2025-10-01 16:00:00,Medium,Feature Request,4
1204,1300,2025-11-11 00:00:00,2025-11-12 22:00:00,Medium,Bug Report,5
1205,1300,2025-11-18 00:00:00,2025-11-27 20:00:00,Low,Onboarding Help,5
1206,1300,2026-02-28 00:00:00,2026-03-05 22:00:00,High,Account Access,4
1207,1863,2025-11-20 00:00:00,,Low,Integration Issue,
1208,1329,2026-02-16 00:00:00,2026-02-22 18:00:00,High,Bug Report,4
1209,1329,2026-05-22 00:00:00,2026-05-25 10:00:00,Low,Feature Request,5
1210,1329,2025-12-14 00:00:00,2025-12-17 09:00:00,Low,Onboarding Help,4
1211,487,2025-12-24 00:00:00,2026-01-01 23:00:00,Medium,Onboarding Help,3
1212,487,2024-12-31 00:00:00,2025-01-05 03:00:00,Medium,Feature Request,3
1213,323,2026-06-11 00:00:00,2026-06-20 18:00:00,Medium,Bug Report,5
1214,323,2026-04-21 00:00:00,2026-04-28 22:00:00,Medium,Onboarding Help,1
1215,625,2026-04-09 00:00:00,2026-04-09 04:00:00,High,Integration Issue,5
1216,1297,2025-11-15 00:00:00,2025-11-24 09:00:00,Medium,Bug Report,4
1217,1297,2025-08-31 00:00:00,2025-09-08 12:00:00,Low,Integration Issue,2
1218,1239,2026-02-01 00:00:00,2026-02-01 18:00:00,Urgent,Bug Report,3
1219,1239,2025-09-21 00:00:00,2025-09-24 11:00:00,Urgent,Onboarding Help,4
1220,1239,2026-02-10 00:00:00,2026-02-12 13:00:00,Low,Onboarding Help,4
1221,274,2026-05-12 00:00:00,2026-05-17 10:00:00,Medium,Integration Issue,3
1222,1818,2026-05-27 00:00:00,2026-05-29 06:00:00,Urgent,Feature Request,5
1223,1818,2026-04-05 00:00:00,2026-04-11 23:00:00,High,Onboarding Help,4
1224,1818,2026-06-27 00:00:00,2026-06-30 00:00:00,Low,Onboarding Help,5
1225,1818,2026-04-07 00:00:00,2026-04-07 15:00:00,High,Bug Report,2
1226,2173,2025-06-08 00:00:00,,Low,Billing,
1227,2185,2026-04-13 00:00:00,2026-04-18 17:00:00,Low,Feature Request,3
1228,2185,2026-02-13 00:00:00,2026-02-16 22:00:00,High,Billing,5
1229,2185,2026-02-01 00:00:00,,High,Bug Report,
1230,1278,2024-11-01 00:00:00,2024-11-09 15:00:00,High,Billing,4
1231,1278,2025-07-05 00:00:00,2025-07-06 00:00:00,Medium,Bug Report,5
1232,1640,2025-12-09 00:00:00,2025-12-15 11:00:00,Urgent,Onboarding Help,5
1233,1640,2024-11-07 00:00:00,2024-11-08 05:00:00,High,Feature Request,4
1234,74,2026-05-23 00:00:00,2026-05-26 01:00:00,Low,Integration Issue,4
1235,2082,2024-04-10 00:00:00,2024-04-10 21:00:00,High,Feature Request,5
1236,2082,2026-04-19 00:00:00,2026-04-24 07:00:00,Urgent,Billing,5
1237,2082,2024-12-01 00:00:00,2024-12-07 04:00:00,High,Billing,3
1238,1385,2026-04-01 00:00:00,2026-04-09 03:00:00,Low,Billing,5
1239,1385,2025-09-25 00:00:00,2025-09-26 23:00:00,Urgent,Account Access,5
1240,1765,2026-06-22 00:00:00,2026-06-28 06:00:00,Low,Onboarding Help,3
1241,1765,2026-05-28 00:00:00,2026-06-04 21:00:00,High,Bug Report,2
1242,328,2025-07-10 00:00:00,2025-07-14 06:00:00,Low,Bug Report,1
1243,328,2025-09-25 00:00:00,2025-09-28 14:00:00,Urgent,Integration Issue,4
1244,1094,2025-11-15 00:00:00,2025-11-20 08:00:00,High,Onboarding Help,2
1245,551,2025-04-27 00:00:00,2025-05-02 21:00:00,High,Integration Issue,5
1246,551,2026-04-08 00:00:00,2026-04-12 14:00:00,Low,Bug Report,4
1247,319,2026-02-28 00:00:00,2026-03-02 23:00:00,Medium,Integration Issue,4
1248,100,2026-06-21 00:00:00,2026-06-24 18:00:00,Urgent,Account Access,3
1249,100,2026-06-22 00:00:00,2026-06-24 20:00:00,Medium,Integration Issue,4
1250,932,2026-05-20 00:00:00,2026-05-24 08:00:00,Low,Integration Issue,3
1251,932,2025-10-25 00:00:00,2025-10-29 11:00:00,Medium,Bug Report,3
1252,999,2026-04-05 00:00:00,2026-04-10 03:00:00,Urgent,Billing,4
1253,1957,2025-11-24 00:00:00,2025-11-28 05:00:00,High,Feature Request,4
1254,1157,2025-08-16 00:00:00,2025-08-25 16:00:00,Medium,Onboarding Help,4
1255,1157,2025-10-20 00:00:00,2025-10-25 13:00:00,Medium,Bug Report,4
1256,1157,2026-05-23 00:00:00,,Urgent,Feature Request,
1257,1294,2026-06-27 00:00:00,,Urgent,Account Access,
1258,579,2025-01-21 00:00:00,2025-01-26 03:00:00,Urgent,Bug Report,4
1259,579,2025-08-13 00:00:00,2025-08-19 22:00:00,Low,Integration Issue,5
1260,141,2025-02-01 00:00:00,2025-02-02 05:00:00,Medium,Onboarding Help,1
1261,141,2025-06-08 00:00:00,2025-06-11 20:00:00,Low,Feature Request,4
1262,1362,2026-06-26 00:00:00,,Low,Feature Request,
1263,788,2025-12-03 00:00:00,2025-12-12 01:00:00,Low,Bug Report,4
1264,1822,2026-01-26 00:00:00,,High,Onboarding Help,
1265,1822,2025-09-02 00:00:00,2025-09-11 21:00:00,Medium,Feature Request,5
1266,1822,2025-10-23 00:00:00,2025-10-29 00:00:00,Low,Billing,2
1267,1213,2025-12-27 00:00:00,2025-12-30 06:00:00,Low,Integration Issue,1
1268,1641,2025-04-15 00:00:00,2025-04-22 08:00:00,Medium,Integration Issue,3
1269,226,2025-04-27 00:00:00,,Medium,Feature Request,
1270,2003,2026-06-04 00:00:00,2026-06-10 02:00:00,High,Billing,5
1271,580,2025-04-28 00:00:00,2025-04-30 18:00:00,Medium,Integration Issue,5
1272,1703,2026-05-09 00:00:00,2026-05-12 03:00:00,Medium,Bug Report,2
1273,1703,2026-04-05 00:00:00,2026-04-11 16:00:00,Low,Feature Request,4
1274,1703,2026-04-10 00:00:00,,High,Feature Request,
1275,1703,2026-03-30 00:00:00,2026-04-07 06:00:00,High,Integration Issue,5
1276,229,2026-03-10 00:00:00,,Low,Account Access,
1277,229,2024-11-19 00:00:00,2024-11-26 20:00:00,High,Billing,5
1278,1733,2025-03-25 00:00:00,,Medium,Billing,
1279,1733,2025-07-01 00:00:00,2025-07-04 00:00:00,Urgent,Account Access,3
1280,1183,2026-01-26 00:00:00,2026-01-29 18:00:00,Medium,Onboarding Help,1
1281,1606,2026-01-06 00:00:00,2026-01-07 23:00:00,Urgent,Feature Request,3
1282,886,2025-11-07 00:00:00,2025-11-13 20:00:00,High,Feature Request,4
1283,886,2025-09-16 00:00:00,2025-09-24 20:00:00,High,Integration Issue,2
1284,1066,2026-06-21 00:00:00,2026-06-29 00:00:00,Low,Integration Issue,4
1285,78,2025-09-13 00:00:00,2025-09-15 14:00:00,Low,Account Access,2
1286,4,2026-04-19 00:00:00,2026-04-23 23:00:00,Medium,Account Access,5
1287,1247,2026-06-09 00:00:00,,Low,Account Access,
1288,1247,2026-06-25 00:00:00,,Medium,Bug Report,
1289,1247,2026-06-11 00:00:00,2026-06-14 03:00:00,High,Onboarding Help,4
1290,1247,2026-06-27 00:00:00,,Urgent,Account Access,
1291,327,2025-06-03 00:00:00,2025-06-04 00:00:00,Medium,Integration Issue,4
1292,327,2026-02-27 00:00:00,2026-03-07 00:00:00,Low,Onboarding Help,4
1293,1756,2025-07-28 00:00:00,2025-07-30 06:00:00,Medium,Feature Request,4
1294,707,2026-05-04 00:00:00,2026-05-10 01:00:00,Low,Feature Request,4
1295,546,2026-05-18 00:00:00,,Medium,Integration Issue,
1296,1574,2025-04-16 00:00:00,2025-04-16 23:00:00,Low,Account Access,5
1297,1365,2026-06-08 00:00:00,2026-06-13 13:00:00,Low,Account Access,5
1298,1365,2025-09-30 00:00:00,2025-10-09 23:00:00,Low,Billing,5
1299,1443,2025-07-13 00:00:00,2025-07-21 17:00:00,Medium,Feature Request,4
1300,648,2025-12-03 00:00:00,2025-12-06 10:00:00,Medium,Account Access,4
1301,1499,2025-09-22 00:00:00,2025-09-28 13:00:00,High,Billing,4
1302,1499,2024-10-16 00:00:00,2024-10-17 15:00:00,High,Onboarding Help,5
1303,1499,2025-08-26 00:00:00,2025-09-04 05:00:00,Low,Billing,4
1304,730,2025-09-20 00:00:00,2025-09-23 18:00:00,Medium,Bug Report,4
1305,1422,2026-06-25 00:00:00,2026-06-25 04:00:00,High,Bug Report,4
1306,1150,2026-05-19 00:00:00,2026-05-27 14:00:00,High,Integration Issue,4
1307,1793,2025-09-22 00:00:00,2025-09-28 07:00:00,Medium,Billing,5
1308,1980,2025-12-19 00:00:00,2025-12-26 18:00:00,Low,Integration Issue,1
1309,1224,2024-11-13 00:00:00,2024-11-17 10:00:00,Medium,Account Access,2
1310,1224,2026-04-21 00:00:00,2026-04-28 07:00:00,High,Integration Issue,4
1311,990,2026-06-20 00:00:00,,High,Feature Request,
1312,1804,2025-12-06 00:00:00,2025-12-12 03:00:00,Medium,Feature Request,2
1313,61,2025-12-08 00:00:00,2025-12-16 22:00:00,Low,Feature Request,4
1314,17,2025-10-11 00:00:00,2025-10-14 09:00:00,Low,Account Access,5
1315,1945,2025-07-05 00:00:00,2025-07-09 15:00:00,Medium,Onboarding Help,4
1316,1945,2026-03-01 00:00:00,2026-03-06 03:00:00,High,Billing,3
1317,1945,2026-04-20 00:00:00,2026-04-24 22:00:00,Low,Account Access,3
1318,1945,2025-01-30 00:00:00,,Medium,Feature Request,
1319,1433,2025-07-27 00:00:00,2025-07-30 08:00:00,Urgent,Billing,3
1320,1886,2026-05-21 00:00:00,2026-05-27 06:00:00,Low,Onboarding Help,1
1321,251,2026-06-21 00:00:00,,Medium,Account Access,
1322,1270,2025-08-11 00:00:00,2025-08-19 15:00:00,Medium,Billing,4
1323,1270,2025-03-20 00:00:00,2025-03-23 12:00:00,Medium,Bug Report,5
1324,2124,2025-02-20 00:00:00,2025-03-01 06:00:00,Low,Feature Request,3
1325,1273,2026-05-31 00:00:00,2026-06-06 01:00:00,Medium,Billing,2
1326,1273,2026-06-29 00:00:00,,High,Onboarding Help,
1327,829,2025-10-19 00:00:00,,Medium,Billing,
1328,347,2026-02-01 00:00:00,2026-02-10 09:00:00,Low,Bug Report,4
1329,347,2025-12-08 00:00:00,2025-12-09 15:00:00,Medium,Feature Request,5
1330,347,2026-03-24 00:00:00,2026-04-02 17:00:00,Medium,Integration Issue,3
1331,64,2025-04-24 00:00:00,2025-05-03 11:00:00,Urgent,Integration Issue,3
1332,1923,2025-08-09 00:00:00,2025-08-13 05:00:00,High,Bug Report,1
1333,1923,2025-07-20 00:00:00,2025-07-24 04:00:00,Medium,Feature Request,4
1334,1923,2025-11-08 00:00:00,2025-11-16 05:00:00,Urgent,Account Access,4
1335,1923,2026-02-28 00:00:00,2026-03-03 20:00:00,Low,Billing,5
1336,1654,2026-06-12 00:00:00,2026-06-13 12:00:00,Medium,Billing,2
1337,1654,2026-05-13 00:00:00,2026-05-20 16:00:00,High,Account Access,5
1338,1654,2026-03-05 00:00:00,2026-03-13 08:00:00,Low,Bug Report,4
1339,184,2026-06-15 00:00:00,2026-06-15 09:00:00,Low,Bug Report,5
1340,184,2025-06-10 00:00:00,2025-06-14 13:00:00,High,Bug Report,5
1341,97,2026-06-01 00:00:00,2026-06-01 06:00:00,High,Account Access,5
1342,387,2026-03-02 00:00:00,2026-03-05 14:00:00,Medium,Account Access,2
1343,1139,2024-11-21 00:00:00,2024-11-28 23:00:00,Low,Account Access,3
1344,1139,2025-07-22 00:00:00,2025-07-30 16:00:00,Medium,Billing,3
1345,1139,2026-04-10 00:00:00,2026-04-10 03:00:00,High,Account Access,5
1346,50,2026-05-02 00:00:00,2026-05-04 21:00:00,Medium,Billing,4
1347,1073,2024-12-07 00:00:00,2024-12-09 20:00:00,Medium,Feature Request,4
1348,1073,2024-11-18 00:00:00,2024-11-27 05:00:00,Low,Onboarding Help,2
1349,1073,2024-11-25 00:00:00,2024-11-26 10:00:00,High,Feature Request,4
1350,2119,2025-10-02 00:00:00,,Low,Account Access,
1351,2119,2024-04-21 00:00:00,2024-04-21 13:00:00,High,Onboarding Help,4
1352,2119,2026-04-14 00:00:00,2026-04-23 12:00:00,High,Feature Request,3
1353,914,2025-03-17 00:00:00,2025-03-19 15:00:00,High,Billing,3
1354,529,2026-06-26 00:00:00,,High,Billing,
1355,715,2025-12-24 00:00:00,2025-12-30 18:00:00,Medium,Onboarding Help,5
1356,715,2026-01-06 00:00:00,,Medium,Onboarding Help,
1357,715,2026-03-10 00:00:00,2026-03-18 22:00:00,Low,Bug Report,4
1358,715,2026-03-02 00:00:00,2026-03-05 22:00:00,Medium,Account Access,4
1359,2114,2025-03-15 00:00:00,2025-03-17 04:00:00,Medium,Onboarding Help,4
1360,1431,2025-05-28 00:00:00,2025-06-02 04:00:00,Low,Account Access,5
1361,1299,2026-02-02 00:00:00,2026-02-07 22:00:00,High,Account Access,5
1362,1299,2024-12-15 00:00:00,2024-12-22 15:00:00,Low,Integration Issue,4
1363,1299,2025-10-17 00:00:00,2025-10-17 09:00:00,Medium,Feature Request,5
1364,1299,2026-03-16 00:00:00,2026-03-18 04:00:00,Medium,Account Access,3
1365,540,2026-03-20 00:00:00,2026-03-20 04:00:00,High,Onboarding Help,4
1366,2193,2025-11-19 00:00:00,2025-11-25 18:00:00,Low,Onboarding Help,4
1367,1550,2025-10-10 00:00:00,,Medium,Integration Issue,
